,Game_ID,Player_ID,Player_Plus/Minus
0,9dce47bc3cbabd451a9bab758ca5467f,00d19f69501c09d98507b48ceff105e6,-21
1,9dce47bc3cbabd451a9bab758ca5467f,0328d04afb4a867fdabad5bdf2ae8ec2,-14
2,9dce47bc3cbabd451a9bab758ca5467f,1376b4800e5b2d50ce35a57827eadcfc,-3
3,9dce47bc3cbabd451a9bab758ca5467f,2f1121d01dbff3e3dd6f17841dd34120,13
4,9dce47bc3cbabd451a9bab758ca5467f,35ca3467b0fbb6a737c25f3f4ca5b2a8,11
5,9dce47bc3cbabd451a9bab758ca5467f,4341f809d409ac17565852620cf80cbd,0
6,9dce47bc3cbabd451a9bab758ca5467f,4dda057700cc34ac57fede94ff8c0652,-7
7,9dce47bc3cbabd451a9bab758ca5467f,6350927cc9834a3a61e079a87de2470c,-11
8,9dce47bc3cbabd451a9bab758ca5467f,6b08fc64c8d282c36e800d28eb278027,9
9,9dce47bc3cbabd451a9bab758ca5467f,71cd93e320cd2da78733d23dae3274a0,6
10,9dce47bc3cbabd451a9bab758ca5467f,81e57235a0f7d2ad49e275ae41070094,-11
11,9dce47bc3cbabd451a9bab758ca5467f,84a4a3c70c57b7d570baca43b5423ba3,-17
12,9dce47bc3cbabd451a9bab758ca5467f,8bea2707e7bf04c8a3d8188b87d92c0e,13
13,9dce47bc3cbabd451a9bab758ca5467f,b248b1d9caa41a3562d67584c1a0b399,-11
14,9dce47bc3cbabd451a9bab758ca5467f,c149a245aa42a54348d9f4534c182e22,13
15,9dce47bc3cbabd451a9bab758ca5467f,cbc1063c3b1731493f5de7dcd822a193,-5
16,9dce47bc3cbabd451a9bab758ca5467f,d1af6080bd4b6a794ba3595dab2b1fb8,-13
17,9dce47bc3cbabd451a9bab758ca5467f,d2a15fd08b7e2fce833c736710c3fd5e,-3
18,9dce47bc3cbabd451a9bab758ca5467f,d6bc5eb6ed54c734628cb4d237f99031,-13
19,9dce47bc3cbabd451a9bab758ca5467f,e2d5a38e5f826708c89f2f728eade916,11
20,9dce47bc3cbabd451a9bab758ca5467f,e2e8d3e46399c9cfcdd591a26e81cf5f,17
21,9dce47bc3cbabd451a9bab758ca5467f,e96dc78c444bead3a3e7d169f2fa6e07,14
22,9dce47bc3cbabd451a9bab758ca5467f,ea42a84dd3eb3284472048639ee676fd,22
23,15d76177caa6022156e83774c2e054d3,0beb157ecf02b2c67048597bb3c514b5,-14
24,15d76177caa6022156e83774c2e054d3,17c5b4a9be5e0fa567d3d38ca65e4005,-2
25,15d76177caa6022156e83774c2e054d3,321fe275d1d66f05c5014fd97e870834,-2
26,15d76177caa6022156e83774c2e054d3,3cc886aecaeb231f093c5bdded29d2dd,6
27,15d76177caa6022156e83774c2e054d3,3f67235a5607746cc215eee5dd447a5e,3
28,15d76177caa6022156e83774c2e054d3,501e22e48df13d5a5b2b85a08c6d2ca9,15
29,15d76177caa6022156e83774c2e054d3,6284f9ad059fd7910f24ab69df891760,11
30,15d76177caa6022156e83774c2e054d3,66c69301f757e48e6b780927b5a55e11,-2
31,15d76177caa6022156e83774c2e054d3,6de0ac647d194bdcfc0854c7ad51c44e,-6
32,15d76177caa6022156e83774c2e054d3,78b2c63af827b482d7e3ffa096f4fbd2,-8
33,15d76177caa6022156e83774c2e054d3,93130c3cfa0d9d9a7635a085c3be99a1,5
34,15d76177caa6022156e83774c2e054d3,b02d6090eb1155aab0614815c9f9ad73,-4
35,15d76177caa6022156e83774c2e054d3,b67e5a2e593be71fe871d7d511f0ab55,-4
36,15d76177caa6022156e83774c2e054d3,cc6c4b67ac08f33590e75e9474122fc4,4
37,15d76177caa6022156e83774c2e054d3,d4777cb3468137b35f7e80b7434bec27,-11
38,15d76177caa6022156e83774c2e054d3,d74c692dc5f817e5d6598338b24e1035,13
39,15d76177caa6022156e83774c2e054d3,e5e2fb66fc3e8ee0edf076e60d343031,-6
40,15d76177caa6022156e83774c2e054d3,f74cedcf99a3aabc222398db7499bac1,3
41,15d76177caa6022156e83774c2e054d3,fa59d02355adde510fbf3dd7a0b0930d,-1
42,33f631fec90cc1f08bb16cff5ed52f9b,0f79f5ac1d01d9639c74a0cce4a8c7b3,5
43,33f631fec90cc1f08bb16cff5ed52f9b,293f2b24a7c44b0d65cd9ac09b680ffc,-1
44,33f631fec90cc1f08bb16cff5ed52f9b,38165bacb00c27108cc23681972ee9ab,10
45,33f631fec90cc1f08bb16cff5ed52f9b,4b095e823bb1b4857a50d41a511930d4,-6
46,33f631fec90cc1f08bb16cff5ed52f9b,5e0158b93a72b41987eec3429fb2038f,-14
47,33f631fec90cc1f08bb16cff5ed52f9b,5f6c28ea1939903f51fbff12de4aa7c2,1
48,33f631fec90cc1f08bb16cff5ed52f9b,6d8221ca1af17d191a7a0bdc27ce61aa,0
49,33f631fec90cc1f08bb16cff5ed52f9b,6f223e85f3b3c72a7ce29a142767e806,9
50,33f631fec90cc1f08bb16cff5ed52f9b,7021635e4c42453f92b82fe89cfffa35,15
51,33f631fec90cc1f08bb16cff5ed52f9b,7456d0c6cf404d5d6321c7332391f09a,-23
52,33f631fec90cc1f08bb16cff5ed52f9b,91a259d73f01cc44ea00b70444bdac89,10
53,33f631fec90cc1f08bb16cff5ed52f9b,91d86c8bc25e3813bbae2f4e6c70753a,-18
54,33f631fec90cc1f08bb16cff5ed52f9b,9cdb7fcbb36cb039e63ea8074df32a81,0
55,33f631fec90cc1f08bb16cff5ed52f9b,a21d7d83ae1fb9bc438e87b06072efbb,-6
56,33f631fec90cc1f08bb16cff5ed52f9b,b07ed3ce0e4991320064795011f02d4d,15
57,33f631fec90cc1f08bb16cff5ed52f9b,c493d9929037f011bcb3ff8a2e468c6a,8
58,33f631fec90cc1f08bb16cff5ed52f9b,c5c6264e03c7fb09cb1cc56249900c17,6
59,33f631fec90cc1f08bb16cff5ed52f9b,f2f904a986118f6e2e67da38c64ffe81,-11
60,09d46e3d7a8253b7209100650b5afaeb,00654b6c2e1d8c24d06464620db7a262,-8
61,09d46e3d7a8253b7209100650b5afaeb,021dabc5d7a1404ec8ad34fe8ca4b5e3,-17
62,09d46e3d7a8253b7209100650b5afaeb,3cc886aecaeb231f093c5bdded29d2dd,-13
63,09d46e3d7a8253b7209100650b5afaeb,3f67235a5607746cc215eee5dd447a5e,-4
64,09d46e3d7a8253b7209100650b5afaeb,45e7a758a91a254ff04756562e740f2d,-9
65,09d46e3d7a8253b7209100650b5afaeb,4d371dbb9d07b0a451e6a253244d3079,4
66,09d46e3d7a8253b7209100650b5afaeb,4f4e47023263931e1445dc97f7dae941,0
67,09d46e3d7a8253b7209100650b5afaeb,501e22e48df13d5a5b2b85a08c6d2ca9,19
68,09d46e3d7a8253b7209100650b5afaeb,6284f9ad059fd7910f24ab69df891760,26
69,09d46e3d7a8253b7209100650b5afaeb,66c69301f757e48e6b780927b5a55e11,-21
70,09d46e3d7a8253b7209100650b5afaeb,6f63b8522b79b45c4b88cf0129161f01,-4
71,09d46e3d7a8253b7209100650b5afaeb,770d24797fbad8f1bddd585ef8297e2b,0
72,09d46e3d7a8253b7209100650b5afaeb,79af15b6a2238e81cd52b99490ed2709,13
73,09d46e3d7a8253b7209100650b5afaeb,7afc3cf0c2557f13e927da9ab03725dc,4
74,09d46e3d7a8253b7209100650b5afaeb,8c95d54ad5593f5c4fc5015dcded3b55,-3
75,09d46e3d7a8253b7209100650b5afaeb,93130c3cfa0d9d9a7635a085c3be99a1,-3
76,09d46e3d7a8253b7209100650b5afaeb,be9b1397bcb9fb9104edd23670988cda,10
77,09d46e3d7a8253b7209100650b5afaeb,c4072556336827a70c8a0298bc658b5b,-12
78,09d46e3d7a8253b7209100650b5afaeb,cc6c4b67ac08f33590e75e9474122fc4,11
79,09d46e3d7a8253b7209100650b5afaeb,d74c692dc5f817e5d6598338b24e1035,-4
80,09d46e3d7a8253b7209100650b5afaeb,f79a2b5e6190ac3c534645e806f1b611,14
81,09d46e3d7a8253b7209100650b5afaeb,fa59d02355adde510fbf3dd7a0b0930d,-3
82,896bcac9b0f35b250c9fb7a6325d8599,011ffbd69cd25a2324c720b64f31712a,-9
83,896bcac9b0f35b250c9fb7a6325d8599,0b0922346df190dd8f900c44c1fae592,24
84,896bcac9b0f35b250c9fb7a6325d8599,1661bd9c6b04cf1cc9aa15decef3c294,13
85,896bcac9b0f35b250c9fb7a6325d8599,2bff96fb00704f4d84b67d3ec95db8fd,-19
86,896bcac9b0f35b250c9fb7a6325d8599,2f1121d01dbff3e3dd6f17841dd34120,1
87,896bcac9b0f35b250c9fb7a6325d8599,4341f809d409ac17565852620cf80cbd,-16
88,896bcac9b0f35b250c9fb7a6325d8599,57ed4bb35e7cef3fc5f579bd119ceeca,-21
89,896bcac9b0f35b250c9fb7a6325d8599,601a72cc4a6a409c9463e1a59a01fa29,20
90,896bcac9b0f35b250c9fb7a6325d8599,6601540cadf11d946589194c685da2bf,14
91,896bcac9b0f35b250c9fb7a6325d8599,70f7e0aad42e27aacb7490d349a4b233,-32
92,896bcac9b0f35b250c9fb7a6325d8599,74c4ae2b904d732ede2f08765d27deea,13
93,896bcac9b0f35b250c9fb7a6325d8599,7f4090b5116c7fb52170667f3a30d2c6,7
94,896bcac9b0f35b250c9fb7a6325d8599,8ac430587c75579c9d99eba78169afdc,-3
95,896bcac9b0f35b250c9fb7a6325d8599,a1b3d414dba333bb2413b054b8460c07,27
96,896bcac9b0f35b250c9fb7a6325d8599,b90945b4a95bfc10ffc239ec4eac211d,-27
97,896bcac9b0f35b250c9fb7a6325d8599,c149a245aa42a54348d9f4534c182e22,7
98,896bcac9b0f35b250c9fb7a6325d8599,c6199433c79a95a34133f86971a148b1,-24
99,896bcac9b0f35b250c9fb7a6325d8599,c6a9f7baaf3b88105816cf658c0cf7e8,-21
100,896bcac9b0f35b250c9fb7a6325d8599,cbc1063c3b1731493f5de7dcd822a193,-12
101,896bcac9b0f35b250c9fb7a6325d8599,d5f8cba7dd4e0eaf23240e6eb5540d92,7
102,896bcac9b0f35b250c9fb7a6325d8599,e96dc78c444bead3a3e7d169f2fa6e07,3
103,896bcac9b0f35b250c9fb7a6325d8599,f186747d3ece1e28b37719c9da06d18f,27
104,896bcac9b0f35b250c9fb7a6325d8599,f666125388be8d19b945f07d44610948,21
105,dadcdbe527d9d72f8b0907796f7559cb,24724aa699e58a03806f85980aa6e7c0,13
106,dadcdbe527d9d72f8b0907796f7559cb,249de90677348e56e1f8c68e67edd04f,18
107,dadcdbe527d9d72f8b0907796f7559cb,2eeada608e233557df90216a902fbc98,-25
108,dadcdbe527d9d72f8b0907796f7559cb,2f47647508381809be04b091b6ca7784,14
109,dadcdbe527d9d72f8b0907796f7559cb,317a4d61e1dd679f93b3628f3e35e0d0,10
110,dadcdbe527d9d72f8b0907796f7559cb,377f464a91323a8e2c5486ce2cb4c153,-35
111,dadcdbe527d9d72f8b0907796f7559cb,3b532bdaf4b8e53a39e49771a8339720,-23
112,dadcdbe527d9d72f8b0907796f7559cb,4121c3bfb44f9d3a3151b212f31e7e04,14
113,dadcdbe527d9d72f8b0907796f7559cb,54393360fa8811223b580041b2792de8,-15
114,dadcdbe527d9d72f8b0907796f7559cb,5cfae6b3803440cb1d87ceead6aad4eb,27
115,dadcdbe527d9d72f8b0907796f7559cb,5e6c9c4441186264607c60fcc533574c,13
116,dadcdbe527d9d72f8b0907796f7559cb,74830bfa36f9e2005b3b6beb635e80f5,14
117,dadcdbe527d9d72f8b0907796f7559cb,83944f9dd3038c23ba3bfedebce2519e,-23
118,dadcdbe527d9d72f8b0907796f7559cb,875a3f8821cc8b53f87e446230015c62,-23
119,dadcdbe527d9d72f8b0907796f7559cb,928d7057f3a2b03d6e1574c5a55d0a54,13
120,dadcdbe527d9d72f8b0907796f7559cb,92dcab554aa5587162253437a4e485c6,21
121,dadcdbe527d9d72f8b0907796f7559cb,978f65d65974dcaaea595daaa1b35a2a,26
122,dadcdbe527d9d72f8b0907796f7559cb,b2ba11f9de4921e8eee910b7c9d5404f,9
123,dadcdbe527d9d72f8b0907796f7559cb,d39fd16f0b287a447787404fedf12983,-21
124,dadcdbe527d9d72f8b0907796f7559cb,efccee5aa58785e3778eb8d773dfa791,-18
125,dadcdbe527d9d72f8b0907796f7559cb,f8e9b9ba10fcf68af334471084df15c9,-22
126,dadcdbe527d9d72f8b0907796f7559cb,ffaf641f9379f76a57f15bab1e788e6d,13
127,bfc4c8f688f511fb76f7fd82a3807f94,007b0de63548bac45dfacc0870a4a537,7
128,bfc4c8f688f511fb76f7fd82a3807f94,085beb037fb1e12196085f66c9761cd4,4
129,bfc4c8f688f511fb76f7fd82a3807f94,100cf64c65b01e459c9fdda0f8b75061,6
130,bfc4c8f688f511fb76f7fd82a3807f94,171fe637accecc29979e5408595de077,-3
131,bfc4c8f688f511fb76f7fd82a3807f94,1b335cd14d37addc486b357c3b58db27,-1
132,bfc4c8f688f511fb76f7fd82a3807f94,1e5a19729df6e4496686d9356be411ca,-2
133,bfc4c8f688f511fb76f7fd82a3807f94,3d6fa00462bffd51ce5cf6612ec9026a,-2
134,bfc4c8f688f511fb76f7fd82a3807f94,404f3be24b921150227c13f766e084cf,4
135,bfc4c8f688f511fb76f7fd82a3807f94,4c96537f405d4671d86876fd67f0762d,1
136,bfc4c8f688f511fb76f7fd82a3807f94,4d371dbb9d07b0a451e6a253244d3079,9
137,bfc4c8f688f511fb76f7fd82a3807f94,508d962863dc09f49884cdd9a53d804a,-3
138,bfc4c8f688f511fb76f7fd82a3807f94,64434221db9ba319f8d13632f1c2ad32,10
139,bfc4c8f688f511fb76f7fd82a3807f94,67f4ecb2bff373b7f14f59bdf87b47c6,-9
140,bfc4c8f688f511fb76f7fd82a3807f94,81bf6c77460a6f7219c623af50178de5,-13
141,bfc4c8f688f511fb76f7fd82a3807f94,9fa70948d1ad86af009ffad239f8a464,-5
142,bfc4c8f688f511fb76f7fd82a3807f94,a82c2c880ccf01c25e5ffa252551a612,3
143,bfc4c8f688f511fb76f7fd82a3807f94,b2ba11f9de4921e8eee910b7c9d5404f,-2
144,bfc4c8f688f511fb76f7fd82a3807f94,c2502dbdbdc5273bac8daa884e3ff63a,-9
145,bfc4c8f688f511fb76f7fd82a3807f94,e546fc654970cfc01f73c0d73250e97b,3
146,bfc4c8f688f511fb76f7fd82a3807f94,f2e41e7ce25aff54b85ee5ab66f69187,7
147,bfc4c8f688f511fb76f7fd82a3807f94,ffaf641f9379f76a57f15bab1e788e6d,-5
148,8fd2943309c7accc78b41e047e1e9393,0d4f00ab57bedad897a0aecf8dfa692f,2
149,8fd2943309c7accc78b41e047e1e9393,2483495fb67054a3b6faa2c2bf8249e3,8
150,8fd2943309c7accc78b41e047e1e9393,25f9b9aedb2a8c72079ebd39a3ff4c8c,4
151,8fd2943309c7accc78b41e047e1e9393,27ea17a8685c4919f157e83fe9cb2d9e,0
152,8fd2943309c7accc78b41e047e1e9393,307beab25b1021a548b4a47550bc4b25,3
153,8fd2943309c7accc78b41e047e1e9393,30ffeac1e06740482da5c4f0dd3454ad,-10
154,8fd2943309c7accc78b41e047e1e9393,33963fe856a1523ff46438ba07d1d99f,1
155,8fd2943309c7accc78b41e047e1e9393,435985eef272a7b0ce81ae80508e90bf,-10
156,8fd2943309c7accc78b41e047e1e9393,54585b803d43739f9a55ac96da873fbf,-20
157,8fd2943309c7accc78b41e047e1e9393,57bbd7e30bc694aeee9ee40c583e6811,-3
158,8fd2943309c7accc78b41e047e1e9393,603daefb2fa321f3abab289805fdcc25,11
159,8fd2943309c7accc78b41e047e1e9393,60b5f9f68ccbbf7ba3fa13a2189e2775,6
160,8fd2943309c7accc78b41e047e1e9393,825e2645d764579a9917c71844043eba,-12
161,8fd2943309c7accc78b41e047e1e9393,8bb18fb1d0cc10c985afa823ecec6d18,5
162,8fd2943309c7accc78b41e047e1e9393,c00264c3114d23bac482e9de50fb7d28,4
163,8fd2943309c7accc78b41e047e1e9393,c1fe6ed491d04e3cdf50755dff23b263,11
164,8fd2943309c7accc78b41e047e1e9393,cbd8848dea8700073ef1dbb218821339,2
165,8fd2943309c7accc78b41e047e1e9393,dd5c21b550fa5e029f561a830763acbc,2
166,8fd2943309c7accc78b41e047e1e9393,ea16528886a6058e0d8133e78bec598e,6
167,8fd2943309c7accc78b41e047e1e9393,f974c6b5a65a034a866cd58014d6fbe3,-10
168,7fad2269ee0d11ae5069ff23ecb25913,02c4c706481eedebb00f53520176f60e,-7
169,7fad2269ee0d11ae5069ff23ecb25913,0b0922346df190dd8f900c44c1fae592,26
170,7fad2269ee0d11ae5069ff23ecb25913,0b9f9787580f7ca0dbba7a0eb39b1c4d,-18
171,7fad2269ee0d11ae5069ff23ecb25913,100cf64c65b01e459c9fdda0f8b75061,-12
172,7fad2269ee0d11ae5069ff23ecb25913,1661bd9c6b04cf1cc9aa15decef3c294,-3
173,7fad2269ee0d11ae5069ff23ecb25913,3d6fa00462bffd51ce5cf6612ec9026a,-27
174,7fad2269ee0d11ae5069ff23ecb25913,5b82a306c99fa6afb74114ad40c19c94,-27
175,7fad2269ee0d11ae5069ff23ecb25913,601a72cc4a6a409c9463e1a59a01fa29,16
176,7fad2269ee0d11ae5069ff23ecb25913,64b5b3b574055d3d0e71c4c9b5f48498,-12
177,7fad2269ee0d11ae5069ff23ecb25913,6601540cadf11d946589194c685da2bf,19
178,7fad2269ee0d11ae5069ff23ecb25913,6bd1756435a0433f9e007e173c78a407,-7
179,7fad2269ee0d11ae5069ff23ecb25913,7f4090b5116c7fb52170667f3a30d2c6,0
180,7fad2269ee0d11ae5069ff23ecb25913,8ac430587c75579c9d99eba78169afdc,-6
181,7fad2269ee0d11ae5069ff23ecb25913,a1b3d414dba333bb2413b054b8460c07,25
182,7fad2269ee0d11ae5069ff23ecb25913,d5f8cba7dd4e0eaf23240e6eb5540d92,4
183,7fad2269ee0d11ae5069ff23ecb25913,f186747d3ece1e28b37719c9da06d18f,24
184,7fad2269ee0d11ae5069ff23ecb25913,f666125388be8d19b945f07d44610948,22
185,7fad2269ee0d11ae5069ff23ecb25913,fa5ca757de7c6c5ec97900bcabbc146e,-17
186,a55fe197c4ae19094a2303a950c7e70c,0b9f9787580f7ca0dbba7a0eb39b1c4d,-13
187,a55fe197c4ae19094a2303a950c7e70c,1010437803b67e17a67a8966294555a7,0
188,a55fe197c4ae19094a2303a950c7e70c,27ea17a8685c4919f157e83fe9cb2d9e,-30
189,a55fe197c4ae19094a2303a950c7e70c,307beab25b1021a548b4a47550bc4b25,-23
190,a55fe197c4ae19094a2303a950c7e70c,33963fe856a1523ff46438ba07d1d99f,-21
191,a55fe197c4ae19094a2303a950c7e70c,44f7d39533b8d47af9cb1dcd7b5afb25,-4
192,a55fe197c4ae19094a2303a950c7e70c,472dc36ed0d28b2fd318d15bbd292320,33
193,a55fe197c4ae19094a2303a950c7e70c,52c2b7c1bc3d4104de29f896fc644871,-5
194,a55fe197c4ae19094a2303a950c7e70c,57bbd7e30bc694aeee9ee40c583e6811,-15
195,a55fe197c4ae19094a2303a950c7e70c,5ff25817b04f08b02c9781970f1234c6,2
196,a55fe197c4ae19094a2303a950c7e70c,603daefb2fa321f3abab289805fdcc25,4
197,a55fe197c4ae19094a2303a950c7e70c,60b5f9f68ccbbf7ba3fa13a2189e2775,11
198,a55fe197c4ae19094a2303a950c7e70c,7367a4fcf2f4af747576b5dcb9ffdd77,31
199,a55fe197c4ae19094a2303a950c7e70c,8bb18fb1d0cc10c985afa823ecec6d18,-1
200,a55fe197c4ae19094a2303a950c7e70c,907b36dd80d1411453e94bc61e2ca9a3,13
201,a55fe197c4ae19094a2303a950c7e70c,a30c2c75d6a204ed450a2c423c11d362,32
202,a55fe197c4ae19094a2303a950c7e70c,c00264c3114d23bac482e9de50fb7d28,-29
203,a55fe197c4ae19094a2303a950c7e70c,c1fe6ed491d04e3cdf50755dff23b263,8
204,a55fe197c4ae19094a2303a950c7e70c,dd5c21b550fa5e029f561a830763acbc,4
205,a55fe197c4ae19094a2303a950c7e70c,e1f8bfdb6088ec65d99d98570149b1f0,11
206,a55fe197c4ae19094a2303a950c7e70c,e43aba9ca924c29b2a41feb7d3c8bc5b,1
207,a55fe197c4ae19094a2303a950c7e70c,f5250354772b45edb362cd3d5286b6e0,2
208,a55fe197c4ae19094a2303a950c7e70c,fa5ca757de7c6c5ec97900bcabbc146e,-11
209,d3a00898abc790fd5643d05f996f05f6,007b0de63548bac45dfacc0870a4a537,5
210,d3a00898abc790fd5643d05f996f05f6,063e48c00d94d39401fac3f94276ce6a,-3
211,d3a00898abc790fd5643d05f996f05f6,110efe8a264188c41b74dca2c1211247,-1
212,d3a00898abc790fd5643d05f996f05f6,12f2718c657784e4b5f766789d3df3bf,-1
213,d3a00898abc790fd5643d05f996f05f6,1b335cd14d37addc486b357c3b58db27,3
214,d3a00898abc790fd5643d05f996f05f6,321fe275d1d66f05c5014fd97e870834,-2
215,d3a00898abc790fd5643d05f996f05f6,3ac301867a2503f6aba31824dd7364db,6
216,d3a00898abc790fd5643d05f996f05f6,404f3be24b921150227c13f766e084cf,3
217,d3a00898abc790fd5643d05f996f05f6,4c96537f405d4671d86876fd67f0762d,-14
218,d3a00898abc790fd5643d05f996f05f6,508d962863dc09f49884cdd9a53d804a,6
219,d3a00898abc790fd5643d05f996f05f6,67f4ecb2bff373b7f14f59bdf87b47c6,1
220,d3a00898abc790fd5643d05f996f05f6,9b85cb9662c0d65b722d77aea12f3f13,-11
221,d3a00898abc790fd5643d05f996f05f6,9dfb640c64a314da8e0fd9993fea7c8f,1
222,d3a00898abc790fd5643d05f996f05f6,9fa70948d1ad86af009ffad239f8a464,-4
223,d3a00898abc790fd5643d05f996f05f6,b1ae0bb44250b8cd2e080de545a6cd1b,19
224,d3a00898abc790fd5643d05f996f05f6,b67e5a2e593be71fe871d7d511f0ab55,7
225,d3a00898abc790fd5643d05f996f05f6,c2502dbdbdc5273bac8daa884e3ff63a,-7
226,d3a00898abc790fd5643d05f996f05f6,c9c7a2ee43d9e8b1dd0c6eb6f9be7022,1
227,d3a00898abc790fd5643d05f996f05f6,d7f2b465bbe159ecb83cb95d120df260,0
228,d3a00898abc790fd5643d05f996f05f6,f2e41e7ce25aff54b85ee5ab66f69187,-9
229,c005dbf89ef3fb55d6f0f0461ada5560,0468a7cae6489acd7294600e8bad8b32,11
230,c005dbf89ef3fb55d6f0f0461ada5560,0beb157ecf02b2c67048597bb3c514b5,-1
231,c005dbf89ef3fb55d6f0f0461ada5560,0c2d9d598f919d635d1f230ea475ef04,15
232,c005dbf89ef3fb55d6f0f0461ada5560,110efe8a264188c41b74dca2c1211247,9
233,c005dbf89ef3fb55d6f0f0461ada5560,13742c470562ea186133c3a06e43d172,-7
234,c005dbf89ef3fb55d6f0f0461ada5560,17c5b4a9be5e0fa567d3d38ca65e4005,-12
235,c005dbf89ef3fb55d6f0f0461ada5560,321fe275d1d66f05c5014fd97e870834,5
236,c005dbf89ef3fb55d6f0f0461ada5560,33f469a601417bebf0be722241d131e6,-13
237,c005dbf89ef3fb55d6f0f0461ada5560,3637dae74ec0bcaa39275df5ef7bea71,-16
238,c005dbf89ef3fb55d6f0f0461ada5560,461d33b042b3c349d69980f89e06f582,23
239,c005dbf89ef3fb55d6f0f0461ada5560,6de0ac647d194bdcfc0854c7ad51c44e,-11
240,c005dbf89ef3fb55d6f0f0461ada5560,7c1c2ad6f3088c952dffd0335bb3af9b,8
241,c005dbf89ef3fb55d6f0f0461ada5560,83276e13d34f364faa3a24cecec245e1,19
242,c005dbf89ef3fb55d6f0f0461ada5560,c5a353e301078ea1cb4e8bc8fede12e9,-15
243,c005dbf89ef3fb55d6f0f0461ada5560,d29058993b5746d37d0fd5348c5018e2,-19
244,c005dbf89ef3fb55d6f0f0461ada5560,d4777cb3468137b35f7e80b7434bec27,-10
245,c005dbf89ef3fb55d6f0f0461ada5560,d7f2b465bbe159ecb83cb95d120df260,6
246,c005dbf89ef3fb55d6f0f0461ada5560,e5e2fb66fc3e8ee0edf076e60d343031,7
247,c005dbf89ef3fb55d6f0f0461ada5560,e6d3fc584789b9b914791ec969a8d5a4,1
248,1f9e3cb05c031986cf8bc7c0a84cc517,011ffbd69cd25a2324c720b64f31712a,3
249,1f9e3cb05c031986cf8bc7c0a84cc517,173f319db1edc802bf85ecff4a759d8c,8
250,1f9e3cb05c031986cf8bc7c0a84cc517,2bff96fb00704f4d84b67d3ec95db8fd,1
251,1f9e3cb05c031986cf8bc7c0a84cc517,2f1121d01dbff3e3dd6f17841dd34120,-14
252,1f9e3cb05c031986cf8bc7c0a84cc517,35ca3467b0fbb6a737c25f3f4ca5b2a8,-6
253,1f9e3cb05c031986cf8bc7c0a84cc517,4341f809d409ac17565852620cf80cbd,-14
254,1f9e3cb05c031986cf8bc7c0a84cc517,57ed4bb35e7cef3fc5f579bd119ceeca,-27
255,1f9e3cb05c031986cf8bc7c0a84cc517,6747ed60ebf43c90d3329c9d744662cb,27
256,1f9e3cb05c031986cf8bc7c0a84cc517,70f7e0aad42e27aacb7490d349a4b233,-26
257,1f9e3cb05c031986cf8bc7c0a84cc517,73be785a9fbca2eff767fbce1c398d66,3
258,1f9e3cb05c031986cf8bc7c0a84cc517,8855d25a0461a5ed487d0dbc7ad6c73b,-8
259,1f9e3cb05c031986cf8bc7c0a84cc517,89c04f26448f309cd55b487b0722bdad,-5
260,1f9e3cb05c031986cf8bc7c0a84cc517,9d54ec2880190738ff0b490850aa21ef,-18
261,1f9e3cb05c031986cf8bc7c0a84cc517,9ddd4ed866679ee1020a2c8c426b222a,5
262,1f9e3cb05c031986cf8bc7c0a84cc517,9f5b1af88e7d95ccb819e311d22fc1d9,29
263,1f9e3cb05c031986cf8bc7c0a84cc517,b90945b4a95bfc10ffc239ec4eac211d,-31
264,1f9e3cb05c031986cf8bc7c0a84cc517,bb78908ffd321b2e0709b9b462786360,33
265,1f9e3cb05c031986cf8bc7c0a84cc517,bd20bf656b42bc62dbff50057d2b229a,38
266,1f9e3cb05c031986cf8bc7c0a84cc517,c149a245aa42a54348d9f4534c182e22,5
267,1f9e3cb05c031986cf8bc7c0a84cc517,c6199433c79a95a34133f86971a148b1,-24
268,1f9e3cb05c031986cf8bc7c0a84cc517,c6a9f7baaf3b88105816cf658c0cf7e8,-34
269,1f9e3cb05c031986cf8bc7c0a84cc517,cbc1063c3b1731493f5de7dcd822a193,9
270,1f9e3cb05c031986cf8bc7c0a84cc517,d39a4c1fa31258c322488a7329674adc,-8
271,1f9e3cb05c031986cf8bc7c0a84cc517,e0dffa2151192e79ffe8fb354c90ee27,38
272,1f9e3cb05c031986cf8bc7c0a84cc517,e96dc78c444bead3a3e7d169f2fa6e07,0
273,1f9e3cb05c031986cf8bc7c0a84cc517,ff9ea417d5345bb5e4e6ec152ae2358f,16
274,3b753670a0d0df2c35c7ce2e0bc94e6c,048d36fcccd8d3c22d26e353ed176604,1
275,3b753670a0d0df2c35c7ce2e0bc94e6c,0a7ae25da315e35e903233b4bb2252da,8
276,3b753670a0d0df2c35c7ce2e0bc94e6c,2589603a6d7a0aaeb9112f8ee416cebe,-8
277,3b753670a0d0df2c35c7ce2e0bc94e6c,28cb486490a46a6228131b482be79bba,3
278,3b753670a0d0df2c35c7ce2e0bc94e6c,335ab92f9ddc2954a236a5aaac332ba7,4
279,3b753670a0d0df2c35c7ce2e0bc94e6c,34c6c550fe96c36bdf86c24a0488fffc,13
280,3b753670a0d0df2c35c7ce2e0bc94e6c,395b23ca47bf87d3370feaecbbc11676,15
281,3b753670a0d0df2c35c7ce2e0bc94e6c,3d9bcb1390d5efea6bbce4aac0952178,5
282,3b753670a0d0df2c35c7ce2e0bc94e6c,515b44596849db9f6f2b360c576398fc,-13
283,3b753670a0d0df2c35c7ce2e0bc94e6c,66c0552461f4db5611a978058e90b8b4,-4
284,3b753670a0d0df2c35c7ce2e0bc94e6c,6ca1613533eb84c8e5a99f443e9b5cde,-6
285,3b753670a0d0df2c35c7ce2e0bc94e6c,852c9de6c917694981f071bc5eb58326,-18
286,3b753670a0d0df2c35c7ce2e0bc94e6c,963242c7a25ba9a70b245f482e960e75,16
287,3b753670a0d0df2c35c7ce2e0bc94e6c,9cdb7fcbb36cb039e63ea8074df32a81,-17
288,3b753670a0d0df2c35c7ce2e0bc94e6c,a07fb375dddea9eb7ca13848b9941daf,7
289,3b753670a0d0df2c35c7ce2e0bc94e6c,b288a5a2a8615f37ae77f3ce71f061e8,8
290,3b753670a0d0df2c35c7ce2e0bc94e6c,c3e7c28936c338dfd5131e63d2ad626a,0
291,3b753670a0d0df2c35c7ce2e0bc94e6c,c5f7286d166ca7f627e83c354c8e4f2a,-17
292,3b753670a0d0df2c35c7ce2e0bc94e6c,cc2c9a0eec200fae9bebb80d56d93b8c,8
293,3b753670a0d0df2c35c7ce2e0bc94e6c,dfc487cf688d18f2a848bbf05e7a9f47,1
294,3b753670a0d0df2c35c7ce2e0bc94e6c,ea16528886a6058e0d8133e78bec598e,-6
295,d9eb042455c8f36574d3a52e678a8916,039bd19014e6cfcf867f442aa412ad6a,7
296,d9eb042455c8f36574d3a52e678a8916,05c7b48e2ce68df138826699856fe6a5,10
297,d9eb042455c8f36574d3a52e678a8916,0f02d616e027988803324c84e8951a0e,1
298,d9eb042455c8f36574d3a52e678a8916,16f7d070421f93ae177d8adf1bc0edf2,-7
299,d9eb042455c8f36574d3a52e678a8916,2f04dbbabeefc1447ca06ae228d8b42c,-4
300,d9eb042455c8f36574d3a52e678a8916,30f38d775cff2a96532ccc7c5e48c48b,9
301,d9eb042455c8f36574d3a52e678a8916,36d0e99d34dfb110a853cd2892065234,7
302,d9eb042455c8f36574d3a52e678a8916,466ef3d80ec02640eeecea72e08ad8c6,-6
303,d9eb042455c8f36574d3a52e678a8916,4a34b108d006b92660ec7593dde29e0d,7
304,d9eb042455c8f36574d3a52e678a8916,4d64187a5343a51197a799982a97d173,-1
305,d9eb042455c8f36574d3a52e678a8916,4eff0c7b3c32f68bfece327044b47b49,7
306,d9eb042455c8f36574d3a52e678a8916,522a32a0442e32bce9aba28ac7ba327b,5
307,d9eb042455c8f36574d3a52e678a8916,53502b8d547e58de75cb1622f66cae09,9
308,d9eb042455c8f36574d3a52e678a8916,59f29037d9dc9165fb360b9b3612d919,-9
309,d9eb042455c8f36574d3a52e678a8916,73cae0c04831cfb8dd47d5f41faf277f,-2
310,d9eb042455c8f36574d3a52e678a8916,93cccaa284535f9bef1dbce1d6adfb34,-2
311,d9eb042455c8f36574d3a52e678a8916,aa062d0d43fb0f311e962c085e1fb744,2
312,d9eb042455c8f36574d3a52e678a8916,ad6a98bfd42a5a831a1a3401eaf96785,1
313,d9eb042455c8f36574d3a52e678a8916,b0b5fb4a9b857c0cf63b80c1893bfef4,-8
314,d9eb042455c8f36574d3a52e678a8916,cdb159e491966787f661d65f4d997fe8,-14
315,d9eb042455c8f36574d3a52e678a8916,d3e3ae70ac393f24335f922cdeec1b1a,-12
316,13ced855d491384876c6ab807bd1d3db,03de9006db92bdee3030980760dcbcf5,11
317,13ced855d491384876c6ab807bd1d3db,12327e4171bb9715104ea70c722869ea,4
318,13ced855d491384876c6ab807bd1d3db,1532445b96ca1edd411bfae064b189bb,-7
319,13ced855d491384876c6ab807bd1d3db,15dbf00f25f3f2d86cde4775018d44b5,-6
320,13ced855d491384876c6ab807bd1d3db,1a48480fc3370082483f158f10948bba,2
321,13ced855d491384876c6ab807bd1d3db,1a8dfc8c85278dd28ed7985e40fc6018,-9
322,13ced855d491384876c6ab807bd1d3db,1c73194e0fa711701298e4a27b046bab,-3
323,13ced855d491384876c6ab807bd1d3db,3056d865481cd5919672eb92e1f8b53f,9
324,13ced855d491384876c6ab807bd1d3db,394e78a51b6d2fd3c046f11f49fcab57,-11
325,13ced855d491384876c6ab807bd1d3db,646b0273682c1592a938bbfb21332ded,1
326,13ced855d491384876c6ab807bd1d3db,74f677b5efa87503eead993dfa30ca27,11
327,13ced855d491384876c6ab807bd1d3db,762b12c3cb57fad4b882040b3293fa31,-2
328,13ced855d491384876c6ab807bd1d3db,881f83d2dee3f18c7d1751659406144e,6
329,13ced855d491384876c6ab807bd1d3db,98657a73f988f7c0824a16fd368bfa62,-16
330,13ced855d491384876c6ab807bd1d3db,9e0ccb212abed9880097869dbfb903c5,-1
331,13ced855d491384876c6ab807bd1d3db,ca8e2e9b58c57efe6c919dcbb53ee86c,8
332,13ced855d491384876c6ab807bd1d3db,cc7946cd2fd5f9d5c15247fbdddce8f3,4
333,13ced855d491384876c6ab807bd1d3db,d5701055e262ef5bd9f3fa6e11014327,8
334,13ced855d491384876c6ab807bd1d3db,d8e4f0fd2e836518e681c99a3f9e4411,-3
335,13ced855d491384876c6ab807bd1d3db,dcb6b241fcbbd838bc3437c8e1fc4ccb,-6
336,b2c59cbe723394436526560db23e6a93,050e16220dddff68fc37eca695cee3b4,2
337,b2c59cbe723394436526560db23e6a93,0beb157ecf02b2c67048597bb3c514b5,-12
338,b2c59cbe723394436526560db23e6a93,110efe8a264188c41b74dca2c1211247,-10
339,b2c59cbe723394436526560db23e6a93,1278107e4a5c3735de706159c381fd82,8
340,b2c59cbe723394436526560db23e6a93,17c5b4a9be5e0fa567d3d38ca65e4005,-7
341,b2c59cbe723394436526560db23e6a93,2892cf3e89fc147144ccbd45a194d64a,9
342,b2c59cbe723394436526560db23e6a93,321fe275d1d66f05c5014fd97e870834,-4
343,b2c59cbe723394436526560db23e6a93,336ec76a9accfb5359ea7e69f2610947,18
344,b2c59cbe723394436526560db23e6a93,3a8bc5d57192fa6462a9b76f2eb06563,-9
345,b2c59cbe723394436526560db23e6a93,3ac301867a2503f6aba31824dd7364db,-9
346,b2c59cbe723394436526560db23e6a93,4596ed9dd04a94f6ad5e60ebda302350,-4
347,b2c59cbe723394436526560db23e6a93,5f2d1b7a31eb9117654c9d056093bfa5,7
348,b2c59cbe723394436526560db23e6a93,648cb1de466b2c196fcd360502c34458,8
349,b2c59cbe723394436526560db23e6a93,9075d598a348b290d9c426e41662e593,2
350,b2c59cbe723394436526560db23e6a93,b67e5a2e593be71fe871d7d511f0ab55,1
351,b2c59cbe723394436526560db23e6a93,bc77b0f38cb51b2cfe8552000e585cbf,-1
352,b2c59cbe723394436526560db23e6a93,d4777cb3468137b35f7e80b7434bec27,-6
353,b2c59cbe723394436526560db23e6a93,d7f2b465bbe159ecb83cb95d120df260,-2
354,b2c59cbe723394436526560db23e6a93,e5e2fb66fc3e8ee0edf076e60d343031,9
355,b2c59cbe723394436526560db23e6a93,f74cedcf99a3aabc222398db7499bac1,0
356,e3ca2e93a38f7497b6f476c86f5b2136,17651fd844ca9177694e0fe8e13ade03,27
357,e3ca2e93a38f7497b6f476c86f5b2136,1f2bef6aac30136c2f03004656efa3c0,-5
358,e3ca2e93a38f7497b6f476c86f5b2136,2b8bdfc64f41d1adefabcf7e0667a618,16
359,e3ca2e93a38f7497b6f476c86f5b2136,307beab25b1021a548b4a47550bc4b25,-4
360,e3ca2e93a38f7497b6f476c86f5b2136,387d067091bd3a9264576ddb74759f5f,30
361,e3ca2e93a38f7497b6f476c86f5b2136,43a74f78a8e39c7fb0ad193fb24f52ba,-11
362,e3ca2e93a38f7497b6f476c86f5b2136,52c2b7c1bc3d4104de29f896fc644871,12
363,e3ca2e93a38f7497b6f476c86f5b2136,57bbd7e30bc694aeee9ee40c583e6811,-38
364,e3ca2e93a38f7497b6f476c86f5b2136,5fe2b12999c5b4a17dba17cb76b0cfbc,21
365,e3ca2e93a38f7497b6f476c86f5b2136,5ff25817b04f08b02c9781970f1234c6,-25
366,e3ca2e93a38f7497b6f476c86f5b2136,603daefb2fa321f3abab289805fdcc25,12
367,e3ca2e93a38f7497b6f476c86f5b2136,60b5f9f68ccbbf7ba3fa13a2189e2775,-7
368,e3ca2e93a38f7497b6f476c86f5b2136,67871d34cda8ae6037909c357510928c,-5
369,e3ca2e93a38f7497b6f476c86f5b2136,8bb18fb1d0cc10c985afa823ecec6d18,17
370,e3ca2e93a38f7497b6f476c86f5b2136,a60cb266e26f960c075b6694022baae6,-3
371,e3ca2e93a38f7497b6f476c86f5b2136,ab1aaee5e4a6d0121e58866080be4ca8,-5
372,e3ca2e93a38f7497b6f476c86f5b2136,b73aad6e3aa709f60c19344e876acc10,-2
373,e3ca2e93a38f7497b6f476c86f5b2136,c00264c3114d23bac482e9de50fb7d28,-43
374,e3ca2e93a38f7497b6f476c86f5b2136,dd5c21b550fa5e029f561a830763acbc,14
375,e3ca2e93a38f7497b6f476c86f5b2136,e688b1a601a44fb2ac79c58bf6c89e8b,-5
376,e3ca2e93a38f7497b6f476c86f5b2136,e6d3fc584789b9b914791ec969a8d5a4,-25
377,e3ca2e93a38f7497b6f476c86f5b2136,f5f1164263044fc2ee91242daa221045,29
378,3152e9c330ce200cc189ae64ebdf41fc,0b0922346df190dd8f900c44c1fae592,11
379,3152e9c330ce200cc189ae64ebdf41fc,1661bd9c6b04cf1cc9aa15decef3c294,-5
380,3152e9c330ce200cc189ae64ebdf41fc,249de90677348e56e1f8c68e67edd04f,-6
381,3152e9c330ce200cc189ae64ebdf41fc,2f47647508381809be04b091b6ca7784,-7
382,3152e9c330ce200cc189ae64ebdf41fc,317a4d61e1dd679f93b3628f3e35e0d0,8
383,3152e9c330ce200cc189ae64ebdf41fc,4121c3bfb44f9d3a3151b212f31e7e04,-9
384,3152e9c330ce200cc189ae64ebdf41fc,5cfae6b3803440cb1d87ceead6aad4eb,3
385,3152e9c330ce200cc189ae64ebdf41fc,5e6c9c4441186264607c60fcc533574c,-6
386,3152e9c330ce200cc189ae64ebdf41fc,601a72cc4a6a409c9463e1a59a01fa29,0
387,3152e9c330ce200cc189ae64ebdf41fc,6601540cadf11d946589194c685da2bf,16
388,3152e9c330ce200cc189ae64ebdf41fc,74830bfa36f9e2005b3b6beb635e80f5,-6
389,3152e9c330ce200cc189ae64ebdf41fc,74c4ae2b904d732ede2f08765d27deea,-3
390,3152e9c330ce200cc189ae64ebdf41fc,7f4090b5116c7fb52170667f3a30d2c6,-7
391,3152e9c330ce200cc189ae64ebdf41fc,926af53b4f0e8e7afd53aa2a4c46895d,-5
392,3152e9c330ce200cc189ae64ebdf41fc,928d7057f3a2b03d6e1574c5a55d0a54,13
393,3152e9c330ce200cc189ae64ebdf41fc,92dcab554aa5587162253437a4e485c6,-9
394,3152e9c330ce200cc189ae64ebdf41fc,978f65d65974dcaaea595daaa1b35a2a,-6
395,3152e9c330ce200cc189ae64ebdf41fc,a1b3d414dba333bb2413b054b8460c07,3
396,3152e9c330ce200cc189ae64ebdf41fc,d5f8cba7dd4e0eaf23240e6eb5540d92,0
397,3152e9c330ce200cc189ae64ebdf41fc,f186747d3ece1e28b37719c9da06d18f,6
398,3152e9c330ce200cc189ae64ebdf41fc,f666125388be8d19b945f07d44610948,9
399,87d1574f478f37d13789284b96b4f6cb,1362d9ad805e7cc4ea3a9467c91142d6,8
400,87d1574f478f37d13789284b96b4f6cb,249de90677348e56e1f8c68e67edd04f,-14
401,87d1574f478f37d13789284b96b4f6cb,2a3cecf791ee8e19a105d8ff8a3296ef,-7
402,87d1574f478f37d13789284b96b4f6cb,2b313e2bcef0268bc8e9415132ba9997,-5
403,87d1574f478f37d13789284b96b4f6cb,2d9594e4d250679e7a3383ad5ccd2f44,18
404,87d1574f478f37d13789284b96b4f6cb,2f47647508381809be04b091b6ca7784,35
405,87d1574f478f37d13789284b96b4f6cb,314c71574689f752c17b83cd6a4d770e,-31
406,87d1574f478f37d13789284b96b4f6cb,317a4d61e1dd679f93b3628f3e35e0d0,32
407,87d1574f478f37d13789284b96b4f6cb,4121c3bfb44f9d3a3151b212f31e7e04,7
408,87d1574f478f37d13789284b96b4f6cb,5234e98b6206eb09c43f8cf19ae9d6ef,9
409,87d1574f478f37d13789284b96b4f6cb,5cfae6b3803440cb1d87ceead6aad4eb,1
410,87d1574f478f37d13789284b96b4f6cb,5e6c9c4441186264607c60fcc533574c,27
411,87d1574f478f37d13789284b96b4f6cb,6bf40f9c2b640febc71d1393fb24d894,-31
412,87d1574f478f37d13789284b96b4f6cb,74830bfa36f9e2005b3b6beb635e80f5,-14
413,87d1574f478f37d13789284b96b4f6cb,8669ba66385e8896db72f69bf95d7ca9,4
414,87d1574f478f37d13789284b96b4f6cb,881f83d2dee3f18c7d1751659406144e,-10
415,87d1574f478f37d13789284b96b4f6cb,90329ef6783257720e881642b13afcf1,14
416,87d1574f478f37d13789284b96b4f6cb,928d7057f3a2b03d6e1574c5a55d0a54,-10
417,87d1574f478f37d13789284b96b4f6cb,978f65d65974dcaaea595daaa1b35a2a,24
418,87d1574f478f37d13789284b96b4f6cb,9b85cb9662c0d65b722d77aea12f3f13,15
419,87d1574f478f37d13789284b96b4f6cb,a99f44bbff39e352191a870e17f04537,-8
420,87d1574f478f37d13789284b96b4f6cb,b2fada91a0c8a0f400623c425286ae2e,-12
421,87d1574f478f37d13789284b96b4f6cb,cec898a1d355dbfbad8c760615fde1af,-32
422,87d1574f478f37d13789284b96b4f6cb,f1b33b117f9ae58f140d9581c329452a,-20
423,a109cef8327feae75c3e4885cb4c6e2d,039bd19014e6cfcf867f442aa412ad6a,18
424,a109cef8327feae75c3e4885cb4c6e2d,056755eee40e0ae3ce0cebd5b9053a3c,-16
425,a109cef8327feae75c3e4885cb4c6e2d,16f7d070421f93ae177d8adf1bc0edf2,-13
426,a109cef8327feae75c3e4885cb4c6e2d,23d30ea674e3a1374d4ea788452ad6bb,1
427,a109cef8327feae75c3e4885cb4c6e2d,27dad82447628aaa7e5a3ade0259bda7,4
428,a109cef8327feae75c3e4885cb4c6e2d,2f04dbbabeefc1447ca06ae228d8b42c,15
429,a109cef8327feae75c3e4885cb4c6e2d,466ef3d80ec02640eeecea72e08ad8c6,-9
430,a109cef8327feae75c3e4885cb4c6e2d,522a32a0442e32bce9aba28ac7ba327b,6
431,a109cef8327feae75c3e4885cb4c6e2d,5806209d46068008b4ccafa90dca6469,8
432,a109cef8327feae75c3e4885cb4c6e2d,7ed981d8ac6a49c95a4387973bd1ba42,-1
433,a109cef8327feae75c3e4885cb4c6e2d,93cccaa284535f9bef1dbce1d6adfb34,13
434,a109cef8327feae75c3e4885cb4c6e2d,aa062d0d43fb0f311e962c085e1fb744,-6
435,a109cef8327feae75c3e4885cb4c6e2d,b0b5fb4a9b857c0cf63b80c1893bfef4,8
436,a109cef8327feae75c3e4885cb4c6e2d,c014e84aa77975fc1c2744e6b9f3270e,-10
437,a109cef8327feae75c3e4885cb4c6e2d,d3e3ae70ac393f24335f922cdeec1b1a,-7
438,a109cef8327feae75c3e4885cb4c6e2d,ed343691d2b2712df2037aa5c1a0f9ab,7
439,a109cef8327feae75c3e4885cb4c6e2d,f6d83f1f77d73b0146900666f34e9f01,-8
440,a109cef8327feae75c3e4885cb4c6e2d,fd3a01d2c35cb46d49e9b2fe6fefea69,-5
441,a109cef8327feae75c3e4885cb4c6e2d,fd8b5b53146b42edda07a15e27051bca,-5
442,88012a99d7fd1c169e2360aa5cdf8bfa,0f79f5ac1d01d9639c74a0cce4a8c7b3,20
443,88012a99d7fd1c169e2360aa5cdf8bfa,173f319db1edc802bf85ecff4a759d8c,-8
444,88012a99d7fd1c169e2360aa5cdf8bfa,1f84a5c60249c938433f6398e80521ae,10
445,88012a99d7fd1c169e2360aa5cdf8bfa,35ca3467b0fbb6a737c25f3f4ca5b2a8,1
446,88012a99d7fd1c169e2360aa5cdf8bfa,5e0158b93a72b41987eec3429fb2038f,7
447,88012a99d7fd1c169e2360aa5cdf8bfa,5f6c28ea1939903f51fbff12de4aa7c2,12
448,88012a99d7fd1c169e2360aa5cdf8bfa,6747ed60ebf43c90d3329c9d744662cb,-9
449,88012a99d7fd1c169e2360aa5cdf8bfa,6f223e85f3b3c72a7ce29a142767e806,-4
450,88012a99d7fd1c169e2360aa5cdf8bfa,7456d0c6cf404d5d6321c7332391f09a,2
451,88012a99d7fd1c169e2360aa5cdf8bfa,8744a467351282b52f1708ab0fac2e34,-6
452,88012a99d7fd1c169e2360aa5cdf8bfa,89c04f26448f309cd55b487b0722bdad,-2
453,88012a99d7fd1c169e2360aa5cdf8bfa,8a52b66854fe9b529941aae5668ff4aa,12
454,88012a99d7fd1c169e2360aa5cdf8bfa,9d54ec2880190738ff0b490850aa21ef,-14
455,88012a99d7fd1c169e2360aa5cdf8bfa,b720c3a8a48569f1b468a00ac07c5f7f,23
456,88012a99d7fd1c169e2360aa5cdf8bfa,bd24c26a700dff3c6b0812c487f621af,15
457,88012a99d7fd1c169e2360aa5cdf8bfa,c5c6264e03c7fb09cb1cc56249900c17,1
458,88012a99d7fd1c169e2360aa5cdf8bfa,e9ae81cd14e76a11c325b7fb42611e06,-5
459,88012a99d7fd1c169e2360aa5cdf8bfa,efa17727bd73df9be0622d56ec5e7f15,-23
460,88012a99d7fd1c169e2360aa5cdf8bfa,f2f904a986118f6e2e67da38c64ffe81,-2
461,88012a99d7fd1c169e2360aa5cdf8bfa,ff9ea417d5345bb5e4e6ec152ae2358f,-30
462,a32200385b4594cb11f8a19e92c96835,008c7fb331f92d216799d21a9104231a,-9
463,a32200385b4594cb11f8a19e92c96835,068cc724c0bdf4a9fc56d2eb2d88fb0f,6
464,a32200385b4594cb11f8a19e92c96835,0a4bdcb73ac21ffeb164386d44212f45,-7
465,a32200385b4594cb11f8a19e92c96835,0f79f5ac1d01d9639c74a0cce4a8c7b3,5
466,a32200385b4594cb11f8a19e92c96835,2dccc7085f3e5aa5a404fa6ef1bdd672,2
467,a32200385b4594cb11f8a19e92c96835,315f46f7a5e1de7ef9b4c2430ce64e2d,-4
468,a32200385b4594cb11f8a19e92c96835,3db8556c1f1efeb42aa762e45e2b25d4,-8
469,a32200385b4594cb11f8a19e92c96835,479986fc12b02040302f3d2b2a903e53,-1
470,a32200385b4594cb11f8a19e92c96835,5f6c28ea1939903f51fbff12de4aa7c2,-3
471,a32200385b4594cb11f8a19e92c96835,6f223e85f3b3c72a7ce29a142767e806,0
472,a32200385b4594cb11f8a19e92c96835,7456d0c6cf404d5d6321c7332391f09a,8
473,a32200385b4594cb11f8a19e92c96835,7d2101502c53723c2aaf2a8e5f150d97,1
474,a32200385b4594cb11f8a19e92c96835,8a52b66854fe9b529941aae5668ff4aa,3
475,a32200385b4594cb11f8a19e92c96835,91d86c8bc25e3813bbae2f4e6c70753a,-6
476,a32200385b4594cb11f8a19e92c96835,9b250b78040c544e42e67c18034f9676,-7
477,a32200385b4594cb11f8a19e92c96835,ad0cbdf3bde800a9ff964cd041d26e28,-6
478,a32200385b4594cb11f8a19e92c96835,b720c3a8a48569f1b468a00ac07c5f7f,8
479,a32200385b4594cb11f8a19e92c96835,bd24c26a700dff3c6b0812c487f621af,14
480,a32200385b4594cb11f8a19e92c96835,d410d3fcb5d2bcc23387a9d34650c16b,3
481,a32200385b4594cb11f8a19e92c96835,e9ae81cd14e76a11c325b7fb42611e06,-4
482,a32200385b4594cb11f8a19e92c96835,f2f904a986118f6e2e67da38c64ffe81,5
483,2bf4ac0ed9ac1aee8767134d62b34dfe,05c7b48e2ce68df138826699856fe6a5,21
484,2bf4ac0ed9ac1aee8767134d62b34dfe,0f02d616e027988803324c84e8951a0e,14
485,2bf4ac0ed9ac1aee8767134d62b34dfe,1b335cd14d37addc486b357c3b58db27,-20
486,2bf4ac0ed9ac1aee8767134d62b34dfe,30f38d775cff2a96532ccc7c5e48c48b,22
487,2bf4ac0ed9ac1aee8767134d62b34dfe,36d0e99d34dfb110a853cd2892065234,14
488,2bf4ac0ed9ac1aee8767134d62b34dfe,404f3be24b921150227c13f766e084cf,-19
489,2bf4ac0ed9ac1aee8767134d62b34dfe,4a34b108d006b92660ec7593dde29e0d,8
490,2bf4ac0ed9ac1aee8767134d62b34dfe,4eff0c7b3c32f68bfece327044b47b49,14
491,2bf4ac0ed9ac1aee8767134d62b34dfe,508d962863dc09f49884cdd9a53d804a,-5
492,2bf4ac0ed9ac1aee8767134d62b34dfe,50dd3829e418e0c92efe29566f288942,-4
493,2bf4ac0ed9ac1aee8767134d62b34dfe,52af793d0eeef92b05ce0d6b01cf2542,-3
494,2bf4ac0ed9ac1aee8767134d62b34dfe,53502b8d547e58de75cb1622f66cae09,33
495,2bf4ac0ed9ac1aee8767134d62b34dfe,64434221db9ba319f8d13632f1c2ad32,-13
496,2bf4ac0ed9ac1aee8767134d62b34dfe,67f4ecb2bff373b7f14f59bdf87b47c6,-8
497,2bf4ac0ed9ac1aee8767134d62b34dfe,6a20279d61d8be94ea457bb5f6fe077a,-4
498,2bf4ac0ed9ac1aee8767134d62b34dfe,73cae0c04831cfb8dd47d5f41faf277f,4
499,2bf4ac0ed9ac1aee8767134d62b34dfe,862015a22d1dd86103d865691dab92f0,-4
500,2bf4ac0ed9ac1aee8767134d62b34dfe,926af53b4f0e8e7afd53aa2a4c46895d,-34
501,2bf4ac0ed9ac1aee8767134d62b34dfe,ad6a98bfd42a5a831a1a3401eaf96785,15
502,2bf4ac0ed9ac1aee8767134d62b34dfe,b2ba11f9de4921e8eee910b7c9d5404f,-10
503,2bf4ac0ed9ac1aee8767134d62b34dfe,c2502dbdbdc5273bac8daa884e3ff63a,4
504,2bf4ac0ed9ac1aee8767134d62b34dfe,f2e41e7ce25aff54b85ee5ab66f69187,4
505,2bf4ac0ed9ac1aee8767134d62b34dfe,ffaf641f9379f76a57f15bab1e788e6d,-29
506,0868dee930f69a54541d4ae88b841a37,00654b6c2e1d8c24d06464620db7a262,-7
507,0868dee930f69a54541d4ae88b841a37,021dabc5d7a1404ec8ad34fe8ca4b5e3,10
508,0868dee930f69a54541d4ae88b841a37,050e16220dddff68fc37eca695cee3b4,7
509,0868dee930f69a54541d4ae88b841a37,1278107e4a5c3735de706159c381fd82,10
510,0868dee930f69a54541d4ae88b841a37,315f46f7a5e1de7ef9b4c2430ce64e2d,-20
511,0868dee930f69a54541d4ae88b841a37,336ec76a9accfb5359ea7e69f2610947,12
512,0868dee930f69a54541d4ae88b841a37,36f020989d86eefe270ab346e6f80e4e,19
513,0868dee930f69a54541d4ae88b841a37,3a7ac3ab38d3261d8c162d52a7f4e644,4
514,0868dee930f69a54541d4ae88b841a37,4596ed9dd04a94f6ad5e60ebda302350,-6
515,0868dee930f69a54541d4ae88b841a37,45e7a758a91a254ff04756562e740f2d,-7
516,0868dee930f69a54541d4ae88b841a37,4f4e47023263931e1445dc97f7dae941,-17
517,0868dee930f69a54541d4ae88b841a37,5779f715384a05dc9cea4ddf21ab564c,4
518,0868dee930f69a54541d4ae88b841a37,5f2d1b7a31eb9117654c9d056093bfa5,19
519,0868dee930f69a54541d4ae88b841a37,7afc3cf0c2557f13e927da9ab03725dc,5
520,0868dee930f69a54541d4ae88b841a37,867712e1cdfd8b15d083f3be2af4bc0f,8
521,0868dee930f69a54541d4ae88b841a37,8c95d54ad5593f5c4fc5015dcded3b55,-24
522,0868dee930f69a54541d4ae88b841a37,bc77b0f38cb51b2cfe8552000e585cbf,7
523,0868dee930f69a54541d4ae88b841a37,be9b1397bcb9fb9104edd23670988cda,-16
524,0868dee930f69a54541d4ae88b841a37,c4072556336827a70c8a0298bc658b5b,9
525,0868dee930f69a54541d4ae88b841a37,d38e656ac7e867b6f28064fcf8d8fcaf,-17
526,1eab6189ad9ab246c197575a8c4eebe5,0b0dfe077fd547134c4b631cc7008465,12
527,1eab6189ad9ab246c197575a8c4eebe5,3637dae74ec0bcaa39275df5ef7bea71,-34
528,1eab6189ad9ab246c197575a8c4eebe5,3cc886aecaeb231f093c5bdded29d2dd,-5
529,1eab6189ad9ab246c197575a8c4eebe5,3f67235a5607746cc215eee5dd447a5e,17
530,1eab6189ad9ab246c197575a8c4eebe5,501e22e48df13d5a5b2b85a08c6d2ca9,14
531,1eab6189ad9ab246c197575a8c4eebe5,58a634d96007527e1989120fe42d1072,-9
532,1eab6189ad9ab246c197575a8c4eebe5,6284f9ad059fd7910f24ab69df891760,29
533,1eab6189ad9ab246c197575a8c4eebe5,66c69301f757e48e6b780927b5a55e11,-10
534,1eab6189ad9ab246c197575a8c4eebe5,770d24797fbad8f1bddd585ef8297e2b,17
535,1eab6189ad9ab246c197575a8c4eebe5,79af15b6a2238e81cd52b99490ed2709,0
536,1eab6189ad9ab246c197575a8c4eebe5,7c1c2ad6f3088c952dffd0335bb3af9b,-8
537,1eab6189ad9ab246c197575a8c4eebe5,9205d55e83f96be2290f1e8849e9f062,-15
538,1eab6189ad9ab246c197575a8c4eebe5,93130c3cfa0d9d9a7635a085c3be99a1,-4
539,1eab6189ad9ab246c197575a8c4eebe5,abbf4d36fe2ae588a1d096b0a88aa0c9,-12
540,1eab6189ad9ab246c197575a8c4eebe5,b02d6090eb1155aab0614815c9f9ad73,30
541,1eab6189ad9ab246c197575a8c4eebe5,c5a353e301078ea1cb4e8bc8fede12e9,-23
542,1eab6189ad9ab246c197575a8c4eebe5,cc6c4b67ac08f33590e75e9474122fc4,9
543,1eab6189ad9ab246c197575a8c4eebe5,cc770adb9f49dec34c5f80808fdfd418,3
544,1eab6189ad9ab246c197575a8c4eebe5,d29058993b5746d37d0fd5348c5018e2,-2
545,1eab6189ad9ab246c197575a8c4eebe5,d60757b977513c3d88aad57e520cd3f3,0
546,1eab6189ad9ab246c197575a8c4eebe5,fcca0a6b42249d73d83db4651c1c1c91,-9
547,b2abcb6a29ed3d99db98084c96638bff,056755eee40e0ae3ce0cebd5b9053a3c,22
548,b2abcb6a29ed3d99db98084c96638bff,110efe8a264188c41b74dca2c1211247,-11
549,b2abcb6a29ed3d99db98084c96638bff,17c5b4a9be5e0fa567d3d38ca65e4005,-12
550,b2abcb6a29ed3d99db98084c96638bff,1f8e6e61eb13aa30f5384a7e6716ec19,11
551,b2abcb6a29ed3d99db98084c96638bff,23d30ea674e3a1374d4ea788452ad6bb,7
552,b2abcb6a29ed3d99db98084c96638bff,27dad82447628aaa7e5a3ade0259bda7,7
553,b2abcb6a29ed3d99db98084c96638bff,321fe275d1d66f05c5014fd97e870834,-11
554,b2abcb6a29ed3d99db98084c96638bff,33f469a601417bebf0be722241d131e6,-4
555,b2abcb6a29ed3d99db98084c96638bff,5806209d46068008b4ccafa90dca6469,-2
556,b2abcb6a29ed3d99db98084c96638bff,677378538fa929f6c5568cafa2914c83,3
557,b2abcb6a29ed3d99db98084c96638bff,6de0ac647d194bdcfc0854c7ad51c44e,8
558,b2abcb6a29ed3d99db98084c96638bff,78b2c63af827b482d7e3ffa096f4fbd2,-5
559,b2abcb6a29ed3d99db98084c96638bff,7ed981d8ac6a49c95a4387973bd1ba42,20
560,b2abcb6a29ed3d99db98084c96638bff,8628c4223c91b8f171a7f25e9bbd866b,1
561,b2abcb6a29ed3d99db98084c96638bff,b1ae0bb44250b8cd2e080de545a6cd1b,-2
562,b2abcb6a29ed3d99db98084c96638bff,b67e5a2e593be71fe871d7d511f0ab55,-15
563,b2abcb6a29ed3d99db98084c96638bff,b88215f941a479097d996e4e6136d3d5,0
564,b2abcb6a29ed3d99db98084c96638bff,c014e84aa77975fc1c2744e6b9f3270e,14
565,b2abcb6a29ed3d99db98084c96638bff,c73b83c931b184e173ceb68b5ec6b66d,1
566,b2abcb6a29ed3d99db98084c96638bff,d7f2b465bbe159ecb83cb95d120df260,-9
567,b2abcb6a29ed3d99db98084c96638bff,e5e2fb66fc3e8ee0edf076e60d343031,-21
568,b2abcb6a29ed3d99db98084c96638bff,ed343691d2b2712df2037aa5c1a0f9ab,-8
569,b2abcb6a29ed3d99db98084c96638bff,f74cedcf99a3aabc222398db7499bac1,-3
570,b2abcb6a29ed3d99db98084c96638bff,fd3a01d2c35cb46d49e9b2fe6fefea69,4
571,b2abcb6a29ed3d99db98084c96638bff,fd8b5b53146b42edda07a15e27051bca,5
572,345f285f7c654bf7a03e940a9bc923c3,056755eee40e0ae3ce0cebd5b9053a3c,8
573,345f285f7c654bf7a03e940a9bc923c3,05c7b48e2ce68df138826699856fe6a5,-14
574,345f285f7c654bf7a03e940a9bc923c3,0f02d616e027988803324c84e8951a0e,-2
575,345f285f7c654bf7a03e940a9bc923c3,1a1e3356af50591d6d13df1f919288c5,8
576,345f285f7c654bf7a03e940a9bc923c3,1f8e6e61eb13aa30f5384a7e6716ec19,9
577,345f285f7c654bf7a03e940a9bc923c3,23d30ea674e3a1374d4ea788452ad6bb,9
578,345f285f7c654bf7a03e940a9bc923c3,27dad82447628aaa7e5a3ade0259bda7,5
579,345f285f7c654bf7a03e940a9bc923c3,30f38d775cff2a96532ccc7c5e48c48b,-8
580,345f285f7c654bf7a03e940a9bc923c3,36d0e99d34dfb110a853cd2892065234,-2
581,345f285f7c654bf7a03e940a9bc923c3,4a34b108d006b92660ec7593dde29e0d,-3
582,345f285f7c654bf7a03e940a9bc923c3,4eff0c7b3c32f68bfece327044b47b49,-4
583,345f285f7c654bf7a03e940a9bc923c3,52af793d0eeef92b05ce0d6b01cf2542,-10
584,345f285f7c654bf7a03e940a9bc923c3,53502b8d547e58de75cb1622f66cae09,-2
585,345f285f7c654bf7a03e940a9bc923c3,59f29037d9dc9165fb360b9b3612d919,-3
586,345f285f7c654bf7a03e940a9bc923c3,677378538fa929f6c5568cafa2914c83,6
587,345f285f7c654bf7a03e940a9bc923c3,6a20279d61d8be94ea457bb5f6fe077a,1
588,345f285f7c654bf7a03e940a9bc923c3,73cae0c04831cfb8dd47d5f41faf277f,-5
589,345f285f7c654bf7a03e940a9bc923c3,7ed981d8ac6a49c95a4387973bd1ba42,-2
590,345f285f7c654bf7a03e940a9bc923c3,862015a22d1dd86103d865691dab92f0,-8
591,345f285f7c654bf7a03e940a9bc923c3,8628c4223c91b8f171a7f25e9bbd866b,11
592,345f285f7c654bf7a03e940a9bc923c3,ad6a98bfd42a5a831a1a3401eaf96785,-10
593,345f285f7c654bf7a03e940a9bc923c3,c014e84aa77975fc1c2744e6b9f3270e,4
594,345f285f7c654bf7a03e940a9bc923c3,ed343691d2b2712df2037aa5c1a0f9ab,-3
595,345f285f7c654bf7a03e940a9bc923c3,f6d83f1f77d73b0146900666f34e9f01,7
596,345f285f7c654bf7a03e940a9bc923c3,fd3a01d2c35cb46d49e9b2fe6fefea69,5
597,345f285f7c654bf7a03e940a9bc923c3,fd8b5b53146b42edda07a15e27051bca,3
598,56ccfaf0adead6f4c7236a01ca0cfbdc,085beb037fb1e12196085f66c9761cd4,-11
599,56ccfaf0adead6f4c7236a01ca0cfbdc,100cf64c65b01e459c9fdda0f8b75061,9
600,56ccfaf0adead6f4c7236a01ca0cfbdc,171fe637accecc29979e5408595de077,-21
601,56ccfaf0adead6f4c7236a01ca0cfbdc,17651fd844ca9177694e0fe8e13ade03,20
602,56ccfaf0adead6f4c7236a01ca0cfbdc,1e5a19729df6e4496686d9356be411ca,-14
603,56ccfaf0adead6f4c7236a01ca0cfbdc,257b19b06545dcb0a4eb3a01d7952eed,3
604,56ccfaf0adead6f4c7236a01ca0cfbdc,2b8bdfc64f41d1adefabcf7e0667a618,18
605,56ccfaf0adead6f4c7236a01ca0cfbdc,387d067091bd3a9264576ddb74759f5f,21
606,56ccfaf0adead6f4c7236a01ca0cfbdc,3d6fa00462bffd51ce5cf6612ec9026a,-18
607,56ccfaf0adead6f4c7236a01ca0cfbdc,43a74f78a8e39c7fb0ad193fb24f52ba,12
608,56ccfaf0adead6f4c7236a01ca0cfbdc,4d371dbb9d07b0a451e6a253244d3079,-14
609,56ccfaf0adead6f4c7236a01ca0cfbdc,52f149c66e930e899eb96964f0e9d78b,-8
610,56ccfaf0adead6f4c7236a01ca0cfbdc,58a634d96007527e1989120fe42d1072,-12
611,56ccfaf0adead6f4c7236a01ca0cfbdc,5b82a306c99fa6afb74114ad40c19c94,7
612,56ccfaf0adead6f4c7236a01ca0cfbdc,5fe2b12999c5b4a17dba17cb76b0cfbc,12
613,56ccfaf0adead6f4c7236a01ca0cfbdc,64b5b3b574055d3d0e71c4c9b5f48498,8
614,56ccfaf0adead6f4c7236a01ca0cfbdc,6928f97f25cd10ae4343eb4aedcd1c93,6
615,56ccfaf0adead6f4c7236a01ca0cfbdc,6becc2cf336cee342d817b90d632ae14,6
616,56ccfaf0adead6f4c7236a01ca0cfbdc,a82c2c880ccf01c25e5ffa252551a612,-13
617,56ccfaf0adead6f4c7236a01ca0cfbdc,ab1aaee5e4a6d0121e58866080be4ca8,-9
618,56ccfaf0adead6f4c7236a01ca0cfbdc,cc770adb9f49dec34c5f80808fdfd418,-7
619,56ccfaf0adead6f4c7236a01ca0cfbdc,e546fc654970cfc01f73c0d73250e97b,-15
620,56ccfaf0adead6f4c7236a01ca0cfbdc,e688b1a601a44fb2ac79c58bf6c89e8b,18
621,56ccfaf0adead6f4c7236a01ca0cfbdc,efccee5aa58785e3778eb8d773dfa791,-8
622,56ccfaf0adead6f4c7236a01ca0cfbdc,f5f1164263044fc2ee91242daa221045,10
623,06bb1d31c63891e2580ff12e4e6505b4,1532445b96ca1edd411bfae064b189bb,11
624,06bb1d31c63891e2580ff12e4e6505b4,1a48480fc3370082483f158f10948bba,-10
625,06bb1d31c63891e2580ff12e4e6505b4,1a8dfc8c85278dd28ed7985e40fc6018,-1
626,06bb1d31c63891e2580ff12e4e6505b4,1c73194e0fa711701298e4a27b046bab,2
627,06bb1d31c63891e2580ff12e4e6505b4,1cd0599b37f77c2be76a2c6df23d1ba8,-1
628,06bb1d31c63891e2580ff12e4e6505b4,28ce9a11a56397b259299fdd9710dab5,-2
629,06bb1d31c63891e2580ff12e4e6505b4,3056d865481cd5919672eb92e1f8b53f,7
630,06bb1d31c63891e2580ff12e4e6505b4,394e78a51b6d2fd3c046f11f49fcab57,7
631,06bb1d31c63891e2580ff12e4e6505b4,58f273dbbf002f0ec411fc247e07dd0a,-11
632,06bb1d31c63891e2580ff12e4e6505b4,646b0273682c1592a938bbfb21332ded,2
633,06bb1d31c63891e2580ff12e4e6505b4,762b12c3cb57fad4b882040b3293fa31,19
634,06bb1d31c63891e2580ff12e4e6505b4,85b8db431f11d51d5def87fc58229be4,10
635,06bb1d31c63891e2580ff12e4e6505b4,9d4117dd37b6a8592a711ef940b82de4,-7
636,06bb1d31c63891e2580ff12e4e6505b4,9f0ee42268a2542d7fd028fe79184286,-9
637,06bb1d31c63891e2580ff12e4e6505b4,adcd53acc9f5585db4c510745b2bac89,-7
638,06bb1d31c63891e2580ff12e4e6505b4,b098111d3935607a714ddc7d4b057a1b,-4
639,06bb1d31c63891e2580ff12e4e6505b4,d8e4f0fd2e836518e681c99a3f9e4411,-2
640,06bb1d31c63891e2580ff12e4e6505b4,eaa6c5d9e964e04fa05b4db476fb46f0,-2
641,06bb1d31c63891e2580ff12e4e6505b4,f285f13f0c036a88bd85535e47e88aef,-2
642,021fd159b55773fba8157e2090fe0fe2,1362d9ad805e7cc4ea3a9467c91142d6,1
643,021fd159b55773fba8157e2090fe0fe2,27ea17a8685c4919f157e83fe9cb2d9e,-10
644,021fd159b55773fba8157e2090fe0fe2,2b313e2bcef0268bc8e9415132ba9997,-5
645,021fd159b55773fba8157e2090fe0fe2,2d9594e4d250679e7a3383ad5ccd2f44,-2
646,021fd159b55773fba8157e2090fe0fe2,307beab25b1021a548b4a47550bc4b25,-8
647,021fd159b55773fba8157e2090fe0fe2,314c71574689f752c17b83cd6a4d770e,-7
648,021fd159b55773fba8157e2090fe0fe2,33963fe856a1523ff46438ba07d1d99f,1
649,021fd159b55773fba8157e2090fe0fe2,57bbd7e30bc694aeee9ee40c583e6811,-17
650,021fd159b55773fba8157e2090fe0fe2,603daefb2fa321f3abab289805fdcc25,-7
651,021fd159b55773fba8157e2090fe0fe2,60b5f9f68ccbbf7ba3fa13a2189e2775,2
652,021fd159b55773fba8157e2090fe0fe2,881f83d2dee3f18c7d1751659406144e,4
653,021fd159b55773fba8157e2090fe0fe2,89706b99ddd00dc05d37ef5cafc04276,15
654,021fd159b55773fba8157e2090fe0fe2,8bb18fb1d0cc10c985afa823ecec6d18,1
655,021fd159b55773fba8157e2090fe0fe2,a99f44bbff39e352191a870e17f04537,24
656,021fd159b55773fba8157e2090fe0fe2,b2fada91a0c8a0f400623c425286ae2e,5
657,021fd159b55773fba8157e2090fe0fe2,c00264c3114d23bac482e9de50fb7d28,-10
658,021fd159b55773fba8157e2090fe0fe2,c1fe6ed491d04e3cdf50755dff23b263,8
659,021fd159b55773fba8157e2090fe0fe2,cec898a1d355dbfbad8c760615fde1af,4
660,021fd159b55773fba8157e2090fe0fe2,d6bc5eb6ed54c734628cb4d237f99031,1
661,2faabfa663f4dfb9ed83a1482088e092,039bd19014e6cfcf867f442aa412ad6a,4
662,2faabfa663f4dfb9ed83a1482088e092,14629670f976c0320bd2085956d073e1,0
663,2faabfa663f4dfb9ed83a1482088e092,16f7d070421f93ae177d8adf1bc0edf2,2
664,2faabfa663f4dfb9ed83a1482088e092,1e0949f9de690dc085cd487fba834d4e,5
665,2faabfa663f4dfb9ed83a1482088e092,293f2b24a7c44b0d65cd9ac09b680ffc,-13
666,2faabfa663f4dfb9ed83a1482088e092,2f04dbbabeefc1447ca06ae228d8b42c,14
667,2faabfa663f4dfb9ed83a1482088e092,38165bacb00c27108cc23681972ee9ab,-13
668,2faabfa663f4dfb9ed83a1482088e092,38f5dec297d58ecae62c8a9549004520,0
669,2faabfa663f4dfb9ed83a1482088e092,466ef3d80ec02640eeecea72e08ad8c6,3
670,2faabfa663f4dfb9ed83a1482088e092,4b095e823bb1b4857a50d41a511930d4,6
671,2faabfa663f4dfb9ed83a1482088e092,4d64187a5343a51197a799982a97d173,4
672,2faabfa663f4dfb9ed83a1482088e092,522a32a0442e32bce9aba28ac7ba327b,-2
673,2faabfa663f4dfb9ed83a1482088e092,53e6c98d995191bfb806c5a7cf93db05,3
674,2faabfa663f4dfb9ed83a1482088e092,7021635e4c42453f92b82fe89cfffa35,-3
675,2faabfa663f4dfb9ed83a1482088e092,a21d7d83ae1fb9bc438e87b06072efbb,-14
676,2faabfa663f4dfb9ed83a1482088e092,a555fb30be57b11cdfbffa3654ba9f83,8
677,2faabfa663f4dfb9ed83a1482088e092,aa062d0d43fb0f311e962c085e1fb744,3
678,2faabfa663f4dfb9ed83a1482088e092,b07ed3ce0e4991320064795011f02d4d,9
679,2faabfa663f4dfb9ed83a1482088e092,c493d9929037f011bcb3ff8a2e468c6a,-20
680,2faabfa663f4dfb9ed83a1482088e092,cdb159e491966787f661d65f4d997fe8,4
681,2faabfa663f4dfb9ed83a1482088e092,d3e3ae70ac393f24335f922cdeec1b1a,0
682,ded7de5f5252e901151b00938ce580c1,050e16220dddff68fc37eca695cee3b4,-14
683,ded7de5f5252e901151b00938ce580c1,2892cf3e89fc147144ccbd45a194d64a,2
684,ded7de5f5252e901151b00938ce580c1,2faa88bc657b3dbf4aeeb2f3eb7a1e23,2
685,ded7de5f5252e901151b00938ce580c1,336ec76a9accfb5359ea7e69f2610947,-3
686,ded7de5f5252e901151b00938ce580c1,34c349ba8477c94eb0a7545b439c9bd3,16
687,ded7de5f5252e901151b00938ce580c1,36b6d1374b888ef311eb59e4b7368f78,4
688,ded7de5f5252e901151b00938ce580c1,36f020989d86eefe270ab346e6f80e4e,-9
689,ded7de5f5252e901151b00938ce580c1,3a7ac3ab38d3261d8c162d52a7f4e644,-5
690,ded7de5f5252e901151b00938ce580c1,3ac301867a2503f6aba31824dd7364db,5
691,ded7de5f5252e901151b00938ce580c1,417afba21d2c399474c48fa0d4993de2,6
692,ded7de5f5252e901151b00938ce580c1,4596ed9dd04a94f6ad5e60ebda302350,-11
693,ded7de5f5252e901151b00938ce580c1,46f88362b82eee93adfda97ce7caa4ab,16
694,ded7de5f5252e901151b00938ce580c1,5f2d1b7a31eb9117654c9d056093bfa5,-12
695,ded7de5f5252e901151b00938ce580c1,648cb1de466b2c196fcd360502c34458,2
696,ded7de5f5252e901151b00938ce580c1,676ca52cf152e1691e774f02d61f6e35,-7
697,ded7de5f5252e901151b00938ce580c1,7ad27aab65cc1ce38a8720efe685e24f,9
698,ded7de5f5252e901151b00938ce580c1,867712e1cdfd8b15d083f3be2af4bc0f,-15
699,ded7de5f5252e901151b00938ce580c1,8fdab3e3f9022d0fadca93e4cd59cddc,10
700,ded7de5f5252e901151b00938ce580c1,9075d598a348b290d9c426e41662e593,2
701,ded7de5f5252e901151b00938ce580c1,963242c7a25ba9a70b245f482e960e75,-8
702,ded7de5f5252e901151b00938ce580c1,9a07071107374d4c6a0292b80396c99c,4
703,ded7de5f5252e901151b00938ce580c1,bc77b0f38cb51b2cfe8552000e585cbf,-6
704,ded7de5f5252e901151b00938ce580c1,de8c14a823090b1f97fbb15ce28fd078,-5
705,ded7de5f5252e901151b00938ce580c1,fe1871734c4c4601acf113acb94da1b7,17
706,e44e31fefaa028c1e9df1a71d4aff555,039bd19014e6cfcf867f442aa412ad6a,-1
707,e44e31fefaa028c1e9df1a71d4aff555,16f7d070421f93ae177d8adf1bc0edf2,-11
708,e44e31fefaa028c1e9df1a71d4aff555,1cd0599b37f77c2be76a2c6df23d1ba8,9
709,e44e31fefaa028c1e9df1a71d4aff555,28ce9a11a56397b259299fdd9710dab5,4
710,e44e31fefaa028c1e9df1a71d4aff555,2f04dbbabeefc1447ca06ae228d8b42c,12
711,e44e31fefaa028c1e9df1a71d4aff555,466ef3d80ec02640eeecea72e08ad8c6,-8
712,e44e31fefaa028c1e9df1a71d4aff555,522a32a0442e32bce9aba28ac7ba327b,-18
713,e44e31fefaa028c1e9df1a71d4aff555,58f273dbbf002f0ec411fc247e07dd0a,-5
714,e44e31fefaa028c1e9df1a71d4aff555,62a21c6589a18649d9d4c8a651a829ce,-10
715,e44e31fefaa028c1e9df1a71d4aff555,93cccaa284535f9bef1dbce1d6adfb34,-10
716,e44e31fefaa028c1e9df1a71d4aff555,9d4117dd37b6a8592a711ef940b82de4,1
717,e44e31fefaa028c1e9df1a71d4aff555,9f0ee42268a2542d7fd028fe79184286,12
718,e44e31fefaa028c1e9df1a71d4aff555,a555fb30be57b11cdfbffa3654ba9f83,12
719,e44e31fefaa028c1e9df1a71d4aff555,aa062d0d43fb0f311e962c085e1fb744,2
720,e44e31fefaa028c1e9df1a71d4aff555,adcd53acc9f5585db4c510745b2bac89,15
721,e44e31fefaa028c1e9df1a71d4aff555,cdb159e491966787f661d65f4d997fe8,-5
722,e44e31fefaa028c1e9df1a71d4aff555,d3e3ae70ac393f24335f922cdeec1b1a,7
723,e44e31fefaa028c1e9df1a71d4aff555,eaa6c5d9e964e04fa05b4db476fb46f0,5
724,e44e31fefaa028c1e9df1a71d4aff555,f285f13f0c036a88bd85535e47e88aef,-11
725,dd4d15aab3b091546f9bf65b7f562f26,285f819d294e245977e8bf12b2be4765,-12
726,dd4d15aab3b091546f9bf65b7f562f26,2eeada608e233557df90216a902fbc98,-10
727,dd4d15aab3b091546f9bf65b7f562f26,2f1ef4c0eab0128f3a2622ddf85cf201,-7
728,dd4d15aab3b091546f9bf65b7f562f26,34c349ba8477c94eb0a7545b439c9bd3,18
729,dd4d15aab3b091546f9bf65b7f562f26,36b6d1374b888ef311eb59e4b7368f78,18
730,dd4d15aab3b091546f9bf65b7f562f26,3b532bdaf4b8e53a39e49771a8339720,-18
731,dd4d15aab3b091546f9bf65b7f562f26,417afba21d2c399474c48fa0d4993de2,13
732,dd4d15aab3b091546f9bf65b7f562f26,46f88362b82eee93adfda97ce7caa4ab,2
733,dd4d15aab3b091546f9bf65b7f562f26,54393360fa8811223b580041b2792de8,-10
734,dd4d15aab3b091546f9bf65b7f562f26,66b04e3d18df11c48839db5bd1597c02,7
735,dd4d15aab3b091546f9bf65b7f562f26,676ca52cf152e1691e774f02d61f6e35,4
736,dd4d15aab3b091546f9bf65b7f562f26,6de0ac647d194bdcfc0854c7ad51c44e,11
737,dd4d15aab3b091546f9bf65b7f562f26,6e21954485044405e05c6384c99d23e3,-8
738,dd4d15aab3b091546f9bf65b7f562f26,7ad27aab65cc1ce38a8720efe685e24f,-2
739,dd4d15aab3b091546f9bf65b7f562f26,7fece8953398ce9739a0d9bfc7b4a0e6,-8
740,dd4d15aab3b091546f9bf65b7f562f26,83944f9dd3038c23ba3bfedebce2519e,-5
741,dd4d15aab3b091546f9bf65b7f562f26,8fdab3e3f9022d0fadca93e4cd59cddc,5
742,dd4d15aab3b091546f9bf65b7f562f26,de8c14a823090b1f97fbb15ce28fd078,2
743,dd4d15aab3b091546f9bf65b7f562f26,efccee5aa58785e3778eb8d773dfa791,-3
744,dd4d15aab3b091546f9bf65b7f562f26,f8e9b9ba10fcf68af334471084df15c9,-6
745,dd4d15aab3b091546f9bf65b7f562f26,fe1871734c4c4601acf113acb94da1b7,9
746,598a55c8bf052d039d0fb4ff1a62f98a,061db8cbef53aa3743c9f53cb392c1bc,5
747,598a55c8bf052d039d0fb4ff1a62f98a,0b0dfe077fd547134c4b631cc7008465,-18
748,598a55c8bf052d039d0fb4ff1a62f98a,0c2d9d598f919d635d1f230ea475ef04,-6
749,598a55c8bf052d039d0fb4ff1a62f98a,3637dae74ec0bcaa39275df5ef7bea71,-42
750,598a55c8bf052d039d0fb4ff1a62f98a,3cc886aecaeb231f093c5bdded29d2dd,19
751,598a55c8bf052d039d0fb4ff1a62f98a,3f67235a5607746cc215eee5dd447a5e,8
752,598a55c8bf052d039d0fb4ff1a62f98a,461d33b042b3c349d69980f89e06f582,-33
753,598a55c8bf052d039d0fb4ff1a62f98a,4c7117e85936b9b1c9c436394c9cdd0e,-15
754,598a55c8bf052d039d0fb4ff1a62f98a,501e22e48df13d5a5b2b85a08c6d2ca9,26
755,598a55c8bf052d039d0fb4ff1a62f98a,6284f9ad059fd7910f24ab69df891760,45
756,598a55c8bf052d039d0fb4ff1a62f98a,66c69301f757e48e6b780927b5a55e11,10
757,598a55c8bf052d039d0fb4ff1a62f98a,6b6a2da75825a3f756d32b57a6267460,18
758,598a55c8bf052d039d0fb4ff1a62f98a,79af15b6a2238e81cd52b99490ed2709,31
759,598a55c8bf052d039d0fb4ff1a62f98a,7c1c2ad6f3088c952dffd0335bb3af9b,-29
760,598a55c8bf052d039d0fb4ff1a62f98a,7e0fe3d0e532a5786e2eec9b5d1bedc6,-30
761,598a55c8bf052d039d0fb4ff1a62f98a,83276e13d34f364faa3a24cecec245e1,-17
762,598a55c8bf052d039d0fb4ff1a62f98a,93130c3cfa0d9d9a7635a085c3be99a1,21
763,598a55c8bf052d039d0fb4ff1a62f98a,b02d6090eb1155aab0614815c9f9ad73,23
764,598a55c8bf052d039d0fb4ff1a62f98a,c5a353e301078ea1cb4e8bc8fede12e9,-30
765,598a55c8bf052d039d0fb4ff1a62f98a,cc6c4b67ac08f33590e75e9474122fc4,23
766,598a55c8bf052d039d0fb4ff1a62f98a,d29058993b5746d37d0fd5348c5018e2,-27
767,598a55c8bf052d039d0fb4ff1a62f98a,d74c692dc5f817e5d6598338b24e1035,40
768,598a55c8bf052d039d0fb4ff1a62f98a,e6d3fc584789b9b914791ec969a8d5a4,-17
769,598a55c8bf052d039d0fb4ff1a62f98a,fa59d02355adde510fbf3dd7a0b0930d,16
770,598a55c8bf052d039d0fb4ff1a62f98a,fcca0a6b42249d73d83db4651c1c1c91,-21
771,9db75b921076b5848cba7ca36436147c,00d19f69501c09d98507b48ceff105e6,-13
772,9db75b921076b5848cba7ca36436147c,0468a7cae6489acd7294600e8bad8b32,32
773,9db75b921076b5848cba7ca36436147c,0c2d9d598f919d635d1f230ea475ef04,42
774,9db75b921076b5848cba7ca36436147c,1376b4800e5b2d50ce35a57827eadcfc,-16
775,9db75b921076b5848cba7ca36436147c,1e76e7a4a5b6d17e67172710d86b6b51,-33
776,9db75b921076b5848cba7ca36436147c,3637dae74ec0bcaa39275df5ef7bea71,23
777,9db75b921076b5848cba7ca36436147c,461d33b042b3c349d69980f89e06f582,15
778,9db75b921076b5848cba7ca36436147c,6350927cc9834a3a61e079a87de2470c,-9
779,9db75b921076b5848cba7ca36436147c,6b08fc64c8d282c36e800d28eb278027,-31
780,9db75b921076b5848cba7ca36436147c,71cd93e320cd2da78733d23dae3274a0,-7
781,9db75b921076b5848cba7ca36436147c,7c1c2ad6f3088c952dffd0335bb3af9b,-3
782,9db75b921076b5848cba7ca36436147c,83276e13d34f364faa3a24cecec245e1,19
783,9db75b921076b5848cba7ca36436147c,84a4a3c70c57b7d570baca43b5423ba3,0
784,9db75b921076b5848cba7ca36436147c,8bea2707e7bf04c8a3d8188b87d92c0e,-19
785,9db75b921076b5848cba7ca36436147c,9205d55e83f96be2290f1e8849e9f062,41
786,9db75b921076b5848cba7ca36436147c,952cb62f00fbb58407f3a7cd89c3a7bf,-12
787,9db75b921076b5848cba7ca36436147c,b248b1d9caa41a3562d67584c1a0b399,-21
788,9db75b921076b5848cba7ca36436147c,c5a353e301078ea1cb4e8bc8fede12e9,19
789,9db75b921076b5848cba7ca36436147c,d1af6080bd4b6a794ba3595dab2b1fb8,-10
790,9db75b921076b5848cba7ca36436147c,e2d5a38e5f826708c89f2f728eade916,-19
791,9db75b921076b5848cba7ca36436147c,e6d3fc584789b9b914791ec969a8d5a4,9
792,9db75b921076b5848cba7ca36436147c,fcca0a6b42249d73d83db4651c1c1c91,-7
793,be5f61a5354154b3d7cba7536f189e2f,05c7b48e2ce68df138826699856fe6a5,-10
794,be5f61a5354154b3d7cba7536f189e2f,0f02d616e027988803324c84e8951a0e,4
795,be5f61a5354154b3d7cba7536f189e2f,27ea17a8685c4919f157e83fe9cb2d9e,-6
796,be5f61a5354154b3d7cba7536f189e2f,307beab25b1021a548b4a47550bc4b25,-22
797,be5f61a5354154b3d7cba7536f189e2f,30f38d775cff2a96532ccc7c5e48c48b,19
798,be5f61a5354154b3d7cba7536f189e2f,4a34b108d006b92660ec7593dde29e0d,29
799,be5f61a5354154b3d7cba7536f189e2f,4eff0c7b3c32f68bfece327044b47b49,5
800,be5f61a5354154b3d7cba7536f189e2f,50dd3829e418e0c92efe29566f288942,0
801,be5f61a5354154b3d7cba7536f189e2f,52af793d0eeef92b05ce0d6b01cf2542,0
802,be5f61a5354154b3d7cba7536f189e2f,57bbd7e30bc694aeee9ee40c583e6811,6
803,be5f61a5354154b3d7cba7536f189e2f,59f29037d9dc9165fb360b9b3612d919,13
804,be5f61a5354154b3d7cba7536f189e2f,5ff25817b04f08b02c9781970f1234c6,-11
805,be5f61a5354154b3d7cba7536f189e2f,603daefb2fa321f3abab289805fdcc25,3
806,be5f61a5354154b3d7cba7536f189e2f,60b5f9f68ccbbf7ba3fa13a2189e2775,-7
807,be5f61a5354154b3d7cba7536f189e2f,6a20279d61d8be94ea457bb5f6fe077a,-9
808,be5f61a5354154b3d7cba7536f189e2f,73cae0c04831cfb8dd47d5f41faf277f,26
809,be5f61a5354154b3d7cba7536f189e2f,862015a22d1dd86103d865691dab92f0,4
810,be5f61a5354154b3d7cba7536f189e2f,8bb18fb1d0cc10c985afa823ecec6d18,-1
811,be5f61a5354154b3d7cba7536f189e2f,ad6a98bfd42a5a831a1a3401eaf96785,-16
812,be5f61a5354154b3d7cba7536f189e2f,c00264c3114d23bac482e9de50fb7d28,-11
813,be5f61a5354154b3d7cba7536f189e2f,c1fe6ed491d04e3cdf50755dff23b263,-9
814,be5f61a5354154b3d7cba7536f189e2f,dd5c21b550fa5e029f561a830763acbc,-7
815,c18a10de1375b1f12aa17ef6cc540102,00d19f69501c09d98507b48ceff105e6,-15
816,c18a10de1375b1f12aa17ef6cc540102,1376b4800e5b2d50ce35a57827eadcfc,19
817,c18a10de1375b1f12aa17ef6cc540102,14629670f976c0320bd2085956d073e1,15
818,c18a10de1375b1f12aa17ef6cc540102,1e76e7a4a5b6d17e67172710d86b6b51,-4
819,c18a10de1375b1f12aa17ef6cc540102,293f2b24a7c44b0d65cd9ac09b680ffc,-11
820,c18a10de1375b1f12aa17ef6cc540102,38165bacb00c27108cc23681972ee9ab,8
821,c18a10de1375b1f12aa17ef6cc540102,38f5dec297d58ecae62c8a9549004520,15
822,c18a10de1375b1f12aa17ef6cc540102,4b095e823bb1b4857a50d41a511930d4,-3
823,c18a10de1375b1f12aa17ef6cc540102,53e6c98d995191bfb806c5a7cf93db05,-9
824,c18a10de1375b1f12aa17ef6cc540102,6b08fc64c8d282c36e800d28eb278027,21
825,c18a10de1375b1f12aa17ef6cc540102,7021635e4c42453f92b82fe89cfffa35,-2
826,c18a10de1375b1f12aa17ef6cc540102,71cd93e320cd2da78733d23dae3274a0,4
827,c18a10de1375b1f12aa17ef6cc540102,7438349cba4a3154e331f38cfbb2dd5e,-15
828,c18a10de1375b1f12aa17ef6cc540102,84a4a3c70c57b7d570baca43b5423ba3,2
829,c18a10de1375b1f12aa17ef6cc540102,8bea2707e7bf04c8a3d8188b87d92c0e,6
830,c18a10de1375b1f12aa17ef6cc540102,91a259d73f01cc44ea00b70444bdac89,-9
831,c18a10de1375b1f12aa17ef6cc540102,952cb62f00fbb58407f3a7cd89c3a7bf,-7
832,c18a10de1375b1f12aa17ef6cc540102,9cdb7fcbb36cb039e63ea8074df32a81,-16
833,c18a10de1375b1f12aa17ef6cc540102,b07ed3ce0e4991320064795011f02d4d,-3
834,c18a10de1375b1f12aa17ef6cc540102,b248b1d9caa41a3562d67584c1a0b399,9
835,c18a10de1375b1f12aa17ef6cc540102,b2e677220105e6d33b08f102109ae232,-6
836,c18a10de1375b1f12aa17ef6cc540102,c493d9929037f011bcb3ff8a2e468c6a,-4
837,c18a10de1375b1f12aa17ef6cc540102,d1af6080bd4b6a794ba3595dab2b1fb8,-2
838,c18a10de1375b1f12aa17ef6cc540102,d2a15fd08b7e2fce833c736710c3fd5e,-15
839,c18a10de1375b1f12aa17ef6cc540102,e2d5a38e5f826708c89f2f728eade916,22
840,f385e8caae86b6cb58ed3241c1278ce3,0beb157ecf02b2c67048597bb3c514b5,-2
841,f385e8caae86b6cb58ed3241c1278ce3,100cf64c65b01e459c9fdda0f8b75061,-1
842,f385e8caae86b6cb58ed3241c1278ce3,110efe8a264188c41b74dca2c1211247,8
843,f385e8caae86b6cb58ed3241c1278ce3,171fe637accecc29979e5408595de077,1
844,f385e8caae86b6cb58ed3241c1278ce3,17c5b4a9be5e0fa567d3d38ca65e4005,-12
845,f385e8caae86b6cb58ed3241c1278ce3,1e5a19729df6e4496686d9356be411ca,3
846,f385e8caae86b6cb58ed3241c1278ce3,321fe275d1d66f05c5014fd97e870834,-5
847,f385e8caae86b6cb58ed3241c1278ce3,3d6fa00462bffd51ce5cf6612ec9026a,4
848,f385e8caae86b6cb58ed3241c1278ce3,4d371dbb9d07b0a451e6a253244d3079,3
849,f385e8caae86b6cb58ed3241c1278ce3,5b82a306c99fa6afb74114ad40c19c94,2
850,f385e8caae86b6cb58ed3241c1278ce3,6becc2cf336cee342d817b90d632ae14,5
851,f385e8caae86b6cb58ed3241c1278ce3,6de0ac647d194bdcfc0854c7ad51c44e,6
852,f385e8caae86b6cb58ed3241c1278ce3,78b2c63af827b482d7e3ffa096f4fbd2,-2
853,f385e8caae86b6cb58ed3241c1278ce3,a60cb266e26f960c075b6694022baae6,16
854,f385e8caae86b6cb58ed3241c1278ce3,a82c2c880ccf01c25e5ffa252551a612,10
855,f385e8caae86b6cb58ed3241c1278ce3,b1ae0bb44250b8cd2e080de545a6cd1b,5
856,f385e8caae86b6cb58ed3241c1278ce3,b67e5a2e593be71fe871d7d511f0ab55,-20
857,f385e8caae86b6cb58ed3241c1278ce3,d4777cb3468137b35f7e80b7434bec27,0
858,f385e8caae86b6cb58ed3241c1278ce3,d7f2b465bbe159ecb83cb95d120df260,5
859,f385e8caae86b6cb58ed3241c1278ce3,e546fc654970cfc01f73c0d73250e97b,2
860,f385e8caae86b6cb58ed3241c1278ce3,e5e2fb66fc3e8ee0edf076e60d343031,-21
861,f385e8caae86b6cb58ed3241c1278ce3,f74cedcf99a3aabc222398db7499bac1,-7
862,03a31e84b194d6c8a2eab5d70ba67acf,1376b4800e5b2d50ce35a57827eadcfc,-20
863,03a31e84b194d6c8a2eab5d70ba67acf,17651fd844ca9177694e0fe8e13ade03,4
864,03a31e84b194d6c8a2eab5d70ba67acf,1e76e7a4a5b6d17e67172710d86b6b51,4
865,03a31e84b194d6c8a2eab5d70ba67acf,257b19b06545dcb0a4eb3a01d7952eed,9
866,03a31e84b194d6c8a2eab5d70ba67acf,2b8bdfc64f41d1adefabcf7e0667a618,4
867,03a31e84b194d6c8a2eab5d70ba67acf,387d067091bd3a9264576ddb74759f5f,15
868,03a31e84b194d6c8a2eab5d70ba67acf,43a74f78a8e39c7fb0ad193fb24f52ba,7
869,03a31e84b194d6c8a2eab5d70ba67acf,5fe2b12999c5b4a17dba17cb76b0cfbc,12
870,03a31e84b194d6c8a2eab5d70ba67acf,6b08fc64c8d282c36e800d28eb278027,-15
871,03a31e84b194d6c8a2eab5d70ba67acf,71cd93e320cd2da78733d23dae3274a0,-9
872,03a31e84b194d6c8a2eab5d70ba67acf,7438349cba4a3154e331f38cfbb2dd5e,-9
873,03a31e84b194d6c8a2eab5d70ba67acf,81e57235a0f7d2ad49e275ae41070094,4
874,03a31e84b194d6c8a2eab5d70ba67acf,84a4a3c70c57b7d570baca43b5423ba3,0
875,03a31e84b194d6c8a2eab5d70ba67acf,8bea2707e7bf04c8a3d8188b87d92c0e,-21
876,03a31e84b194d6c8a2eab5d70ba67acf,952cb62f00fbb58407f3a7cd89c3a7bf,-9
877,03a31e84b194d6c8a2eab5d70ba67acf,b248b1d9caa41a3562d67584c1a0b399,-10
878,03a31e84b194d6c8a2eab5d70ba67acf,d1af6080bd4b6a794ba3595dab2b1fb8,4
879,03a31e84b194d6c8a2eab5d70ba67acf,e2d5a38e5f826708c89f2f728eade916,-14
880,03a31e84b194d6c8a2eab5d70ba67acf,e688b1a601a44fb2ac79c58bf6c89e8b,12
881,03a31e84b194d6c8a2eab5d70ba67acf,e6d3fc584789b9b914791ec969a8d5a4,15
882,03a31e84b194d6c8a2eab5d70ba67acf,f5f1164263044fc2ee91242daa221045,17
883,cc638bdf25316add638154b45434aebd,011ffbd69cd25a2324c720b64f31712a,9
884,cc638bdf25316add638154b45434aebd,021dabc5d7a1404ec8ad34fe8ca4b5e3,6
885,cc638bdf25316add638154b45434aebd,091e956c671f029caa455f13ef42c4c2,-16
886,cc638bdf25316add638154b45434aebd,1362d9ad805e7cc4ea3a9467c91142d6,-12
887,cc638bdf25316add638154b45434aebd,2b313e2bcef0268bc8e9415132ba9997,7
888,cc638bdf25316add638154b45434aebd,2db991f86a08c6e83cf5d916da7b16d7,-10
889,cc638bdf25316add638154b45434aebd,45e7a758a91a254ff04756562e740f2d,2
890,cc638bdf25316add638154b45434aebd,4f4e47023263931e1445dc97f7dae941,14
891,cc638bdf25316add638154b45434aebd,5234e98b6206eb09c43f8cf19ae9d6ef,4
892,cc638bdf25316add638154b45434aebd,5779f715384a05dc9cea4ddf21ab564c,10
893,cc638bdf25316add638154b45434aebd,6bf40f9c2b640febc71d1393fb24d894,1
894,cc638bdf25316add638154b45434aebd,7afc3cf0c2557f13e927da9ab03725dc,19
895,cc638bdf25316add638154b45434aebd,a99f44bbff39e352191a870e17f04537,-3
896,cc638bdf25316add638154b45434aebd,ac0e388f8e54b5a360b572302b933639,-17
897,cc638bdf25316add638154b45434aebd,bc6bc2e33f8e12c3632ba3cbf67200d1,-2
898,cc638bdf25316add638154b45434aebd,be9b1397bcb9fb9104edd23670988cda,-7
899,cc638bdf25316add638154b45434aebd,c4072556336827a70c8a0298bc658b5b,-3
900,cc638bdf25316add638154b45434aebd,c721802743c4dd0a6d0fbdc0ccb8d196,-15
901,cc638bdf25316add638154b45434aebd,f4e77e1d9313c8f7274d0ca3ef38ed3d,7
902,cc638bdf25316add638154b45434aebd,f79a2b5e6190ac3c534645e806f1b611,6
903,fdeb2950c4d5209d449ebd2d6afac11e,008c7fb331f92d216799d21a9104231a,12
904,fdeb2950c4d5209d449ebd2d6afac11e,021dabc5d7a1404ec8ad34fe8ca4b5e3,-18
905,fdeb2950c4d5209d449ebd2d6afac11e,068cc724c0bdf4a9fc56d2eb2d88fb0f,-8
906,fdeb2950c4d5209d449ebd2d6afac11e,07695ef9feebc6ba02831f0f3c22662a,18
907,fdeb2950c4d5209d449ebd2d6afac11e,0a4bdcb73ac21ffeb164386d44212f45,8
908,fdeb2950c4d5209d449ebd2d6afac11e,2dccc7085f3e5aa5a404fa6ef1bdd672,-4
909,fdeb2950c4d5209d449ebd2d6afac11e,315f46f7a5e1de7ef9b4c2430ce64e2d,-7
910,fdeb2950c4d5209d449ebd2d6afac11e,377f464a91323a8e2c5486ce2cb4c153,-4
911,fdeb2950c4d5209d449ebd2d6afac11e,3db8556c1f1efeb42aa762e45e2b25d4,-5
912,fdeb2950c4d5209d449ebd2d6afac11e,45e7a758a91a254ff04756562e740f2d,-8
913,fdeb2950c4d5209d449ebd2d6afac11e,479986fc12b02040302f3d2b2a903e53,9
914,fdeb2950c4d5209d449ebd2d6afac11e,4f4e47023263931e1445dc97f7dae941,0
915,fdeb2950c4d5209d449ebd2d6afac11e,5779f715384a05dc9cea4ddf21ab564c,4
916,fdeb2950c4d5209d449ebd2d6afac11e,7afc3cf0c2557f13e927da9ab03725dc,11
917,fdeb2950c4d5209d449ebd2d6afac11e,7d2101502c53723c2aaf2a8e5f150d97,0
918,fdeb2950c4d5209d449ebd2d6afac11e,ac0e388f8e54b5a360b572302b933639,1
919,fdeb2950c4d5209d449ebd2d6afac11e,ad0cbdf3bde800a9ff964cd041d26e28,-4
920,fdeb2950c4d5209d449ebd2d6afac11e,be9b1397bcb9fb9104edd23670988cda,-1
921,fdeb2950c4d5209d449ebd2d6afac11e,c17f6e6b83ccc768962046f1af1372a5,7
922,fdeb2950c4d5209d449ebd2d6afac11e,c4072556336827a70c8a0298bc658b5b,-16
923,fdeb2950c4d5209d449ebd2d6afac11e,c6e0c30c8c02b0706682ec89eb6fc565,11
924,fdeb2950c4d5209d449ebd2d6afac11e,d38e656ac7e867b6f28064fcf8d8fcaf,-7
925,fdeb2950c4d5209d449ebd2d6afac11e,f4e77e1d9313c8f7274d0ca3ef38ed3d,4
926,fdeb2950c4d5209d449ebd2d6afac11e,f79a2b5e6190ac3c534645e806f1b611,-3
927,07e76f7482773e81e2351d1692e9e5bb,007b0de63548bac45dfacc0870a4a537,-2
928,07e76f7482773e81e2351d1692e9e5bb,050e16220dddff68fc37eca695cee3b4,10
929,07e76f7482773e81e2351d1692e9e5bb,1b335cd14d37addc486b357c3b58db27,-15
930,07e76f7482773e81e2351d1692e9e5bb,2faa88bc657b3dbf4aeeb2f3eb7a1e23,0
931,07e76f7482773e81e2351d1692e9e5bb,336ec76a9accfb5359ea7e69f2610947,6
932,07e76f7482773e81e2351d1692e9e5bb,36f020989d86eefe270ab346e6f80e4e,5
933,07e76f7482773e81e2351d1692e9e5bb,3a7ac3ab38d3261d8c162d52a7f4e644,22
934,07e76f7482773e81e2351d1692e9e5bb,404f3be24b921150227c13f766e084cf,-4
935,07e76f7482773e81e2351d1692e9e5bb,4596ed9dd04a94f6ad5e60ebda302350,11
936,07e76f7482773e81e2351d1692e9e5bb,508d962863dc09f49884cdd9a53d804a,-3
937,07e76f7482773e81e2351d1692e9e5bb,5f2d1b7a31eb9117654c9d056093bfa5,14
938,07e76f7482773e81e2351d1692e9e5bb,64434221db9ba319f8d13632f1c2ad32,-21
939,07e76f7482773e81e2351d1692e9e5bb,67f4ecb2bff373b7f14f59bdf87b47c6,-16
940,07e76f7482773e81e2351d1692e9e5bb,867712e1cdfd8b15d083f3be2af4bc0f,0
941,07e76f7482773e81e2351d1692e9e5bb,9075d598a348b290d9c426e41662e593,7
942,07e76f7482773e81e2351d1692e9e5bb,963242c7a25ba9a70b245f482e960e75,14
943,07e76f7482773e81e2351d1692e9e5bb,9fa70948d1ad86af009ffad239f8a464,-2
944,07e76f7482773e81e2351d1692e9e5bb,b2ba11f9de4921e8eee910b7c9d5404f,-6
945,07e76f7482773e81e2351d1692e9e5bb,bc77b0f38cb51b2cfe8552000e585cbf,16
946,07e76f7482773e81e2351d1692e9e5bb,c2502dbdbdc5273bac8daa884e3ff63a,-18
947,07e76f7482773e81e2351d1692e9e5bb,f2e41e7ce25aff54b85ee5ab66f69187,-18
948,a442eeb8e92d2941addba3996bd7d0a0,008c7fb331f92d216799d21a9104231a,5
949,a442eeb8e92d2941addba3996bd7d0a0,011ffbd69cd25a2324c720b64f31712a,4
950,a442eeb8e92d2941addba3996bd7d0a0,07695ef9feebc6ba02831f0f3c22662a,5
951,a442eeb8e92d2941addba3996bd7d0a0,0a4bdcb73ac21ffeb164386d44212f45,7
952,a442eeb8e92d2941addba3996bd7d0a0,0a7bab1764e8696f355e018c6fd0e8b7,-16
953,a442eeb8e92d2941addba3996bd7d0a0,2f1121d01dbff3e3dd6f17841dd34120,-2
954,a442eeb8e92d2941addba3996bd7d0a0,3db8556c1f1efeb42aa762e45e2b25d4,-13
955,a442eeb8e92d2941addba3996bd7d0a0,4341f809d409ac17565852620cf80cbd,-12
956,a442eeb8e92d2941addba3996bd7d0a0,479986fc12b02040302f3d2b2a903e53,-9
957,a442eeb8e92d2941addba3996bd7d0a0,57ed4bb35e7cef3fc5f579bd119ceeca,-15
958,a442eeb8e92d2941addba3996bd7d0a0,70f7e0aad42e27aacb7490d349a4b233,21
959,a442eeb8e92d2941addba3996bd7d0a0,7d2101502c53723c2aaf2a8e5f150d97,-13
960,a442eeb8e92d2941addba3996bd7d0a0,9d54ec2880190738ff0b490850aa21ef,-6
961,a442eeb8e92d2941addba3996bd7d0a0,ad0cbdf3bde800a9ff964cd041d26e28,-2
962,a442eeb8e92d2941addba3996bd7d0a0,b90945b4a95bfc10ffc239ec4eac211d,7
963,a442eeb8e92d2941addba3996bd7d0a0,c17f6e6b83ccc768962046f1af1372a5,-10
964,a442eeb8e92d2941addba3996bd7d0a0,c6199433c79a95a34133f86971a148b1,6
965,a442eeb8e92d2941addba3996bd7d0a0,c6a9f7baaf3b88105816cf658c0cf7e8,-7
966,a442eeb8e92d2941addba3996bd7d0a0,c6e0c30c8c02b0706682ec89eb6fc565,6
967,a442eeb8e92d2941addba3996bd7d0a0,cbc1063c3b1731493f5de7dcd822a193,20
968,a442eeb8e92d2941addba3996bd7d0a0,e2e8d3e46399c9cfcdd591a26e81cf5f,19
969,a442eeb8e92d2941addba3996bd7d0a0,ebec10a71fa69e4668ab1102ff7da2d2,5
970,e26fa57f2c5e83edc21e3f97b55cbecd,1532445b96ca1edd411bfae064b189bb,-1
971,e26fa57f2c5e83edc21e3f97b55cbecd,1a8dfc8c85278dd28ed7985e40fc6018,11
972,e26fa57f2c5e83edc21e3f97b55cbecd,1c73194e0fa711701298e4a27b046bab,5
973,e26fa57f2c5e83edc21e3f97b55cbecd,394e78a51b6d2fd3c046f11f49fcab57,20
974,e26fa57f2c5e83edc21e3f97b55cbecd,6336b73a02925ee68f635cdf2a5101f1,-6
975,e26fa57f2c5e83edc21e3f97b55cbecd,646b0273682c1592a938bbfb21332ded,11
976,e26fa57f2c5e83edc21e3f97b55cbecd,73be785a9fbca2eff767fbce1c398d66,-6
977,e26fa57f2c5e83edc21e3f97b55cbecd,74f677b5efa87503eead993dfa30ca27,-11
978,e26fa57f2c5e83edc21e3f97b55cbecd,762b12c3cb57fad4b882040b3293fa31,20
979,e26fa57f2c5e83edc21e3f97b55cbecd,7e0fe3d0e532a5786e2eec9b5d1bedc6,-11
980,e26fa57f2c5e83edc21e3f97b55cbecd,83ec3271b8078785b0055a1f7817068f,-10
981,e26fa57f2c5e83edc21e3f97b55cbecd,85b8db431f11d51d5def87fc58229be4,7
982,e26fa57f2c5e83edc21e3f97b55cbecd,881f83d2dee3f18c7d1751659406144e,-8
983,e26fa57f2c5e83edc21e3f97b55cbecd,9e0ccb212abed9880097869dbfb903c5,-9
984,e26fa57f2c5e83edc21e3f97b55cbecd,ba5861d8e221e712fc92aebfe00a4782,-11
985,e26fa57f2c5e83edc21e3f97b55cbecd,d8e4f0fd2e836518e681c99a3f9e4411,13
986,e26fa57f2c5e83edc21e3f97b55cbecd,dcb6b241fcbbd838bc3437c8e1fc4ccb,-2
987,e26fa57f2c5e83edc21e3f97b55cbecd,e211885d70d20be63797249090882c53,-6
988,e26fa57f2c5e83edc21e3f97b55cbecd,e8f08c4244cbc01674a2c6f7c10117ae,-6
989,f0332f91eb943b64b39ef28daf6639c5,05c7b48e2ce68df138826699856fe6a5,-14
990,f0332f91eb943b64b39ef28daf6639c5,0a7ae25da315e35e903233b4bb2252da,12
991,f0332f91eb943b64b39ef28daf6639c5,0f02d616e027988803324c84e8951a0e,1
992,f0332f91eb943b64b39ef28daf6639c5,12d1d91e35cddf4defdd250392f4f2e5,-2
993,f0332f91eb943b64b39ef28daf6639c5,30f38d775cff2a96532ccc7c5e48c48b,17
994,f0332f91eb943b64b39ef28daf6639c5,36d0e99d34dfb110a853cd2892065234,9
995,f0332f91eb943b64b39ef28daf6639c5,3d9bcb1390d5efea6bbce4aac0952178,-4
996,f0332f91eb943b64b39ef28daf6639c5,4a34b108d006b92660ec7593dde29e0d,39
997,f0332f91eb943b64b39ef28daf6639c5,4eff0c7b3c32f68bfece327044b47b49,29
998,f0332f91eb943b64b39ef28daf6639c5,515b44596849db9f6f2b360c576398fc,6
999,f0332f91eb943b64b39ef28daf6639c5,52af793d0eeef92b05ce0d6b01cf2542,18
1000,f0332f91eb943b64b39ef28daf6639c5,53502b8d547e58de75cb1622f66cae09,-6
1001,f0332f91eb943b64b39ef28daf6639c5,59d0622b78201a399694cd27d235f863,-9
1002,f0332f91eb943b64b39ef28daf6639c5,59f29037d9dc9165fb360b9b3612d919,11
1003,f0332f91eb943b64b39ef28daf6639c5,66c0552461f4db5611a978058e90b8b4,0
1004,f0332f91eb943b64b39ef28daf6639c5,6a20279d61d8be94ea457bb5f6fe077a,-6
1005,f0332f91eb943b64b39ef28daf6639c5,6c15237c89ddcd2fd17c120149e033e9,-15
1006,f0332f91eb943b64b39ef28daf6639c5,73cae0c04831cfb8dd47d5f41faf277f,42
1007,f0332f91eb943b64b39ef28daf6639c5,862015a22d1dd86103d865691dab92f0,-6
1008,f0332f91eb943b64b39ef28daf6639c5,ad6a98bfd42a5a831a1a3401eaf96785,-14
1009,f0332f91eb943b64b39ef28daf6639c5,b177b26c374aefaddfc0895c08bf1ea7,4
1010,f0332f91eb943b64b39ef28daf6639c5,b288a5a2a8615f37ae77f3ce71f061e8,-24
1011,f0332f91eb943b64b39ef28daf6639c5,cc2c9a0eec200fae9bebb80d56d93b8c,-24
1012,f0332f91eb943b64b39ef28daf6639c5,db86ba65d6046f9384355934073a2b9d,-32
1013,f0332f91eb943b64b39ef28daf6639c5,dfc487cf688d18f2a848bbf05e7a9f47,-32
1014,bd1f8947f5541c2fb22f6328a58f4fc6,011ffbd69cd25a2324c720b64f31712a,-7
1015,bd1f8947f5541c2fb22f6328a58f4fc6,173f319db1edc802bf85ecff4a759d8c,3
1016,bd1f8947f5541c2fb22f6328a58f4fc6,2f1121d01dbff3e3dd6f17841dd34120,-8
1017,bd1f8947f5541c2fb22f6328a58f4fc6,35ca3467b0fbb6a737c25f3f4ca5b2a8,9
1018,bd1f8947f5541c2fb22f6328a58f4fc6,4341f809d409ac17565852620cf80cbd,-11
1019,bd1f8947f5541c2fb22f6328a58f4fc6,4dda057700cc34ac57fede94ff8c0652,4
1020,bd1f8947f5541c2fb22f6328a58f4fc6,57ed4bb35e7cef3fc5f579bd119ceeca,-6
1021,bd1f8947f5541c2fb22f6328a58f4fc6,6747ed60ebf43c90d3329c9d744662cb,-16
1022,bd1f8947f5541c2fb22f6328a58f4fc6,70f7e0aad42e27aacb7490d349a4b233,-5
1023,bd1f8947f5541c2fb22f6328a58f4fc6,8744a467351282b52f1708ab0fac2e34,2
1024,bd1f8947f5541c2fb22f6328a58f4fc6,8855d25a0461a5ed487d0dbc7ad6c73b,10
1025,bd1f8947f5541c2fb22f6328a58f4fc6,89c04f26448f309cd55b487b0722bdad,10
1026,bd1f8947f5541c2fb22f6328a58f4fc6,b90945b4a95bfc10ffc239ec4eac211d,24
1027,bd1f8947f5541c2fb22f6328a58f4fc6,bb78908ffd321b2e0709b9b462786360,0
1028,bd1f8947f5541c2fb22f6328a58f4fc6,bd20bf656b42bc62dbff50057d2b229a,1
1029,bd1f8947f5541c2fb22f6328a58f4fc6,c6a9f7baaf3b88105816cf658c0cf7e8,7
1030,bd1f8947f5541c2fb22f6328a58f4fc6,cbc1063c3b1731493f5de7dcd822a193,-8
1031,bd1f8947f5541c2fb22f6328a58f4fc6,d39a4c1fa31258c322488a7329674adc,-7
1032,bd1f8947f5541c2fb22f6328a58f4fc6,e2e8d3e46399c9cfcdd591a26e81cf5f,0
1033,bd1f8947f5541c2fb22f6328a58f4fc6,e96dc78c444bead3a3e7d169f2fa6e07,-5
1034,bd1f8947f5541c2fb22f6328a58f4fc6,efa17727bd73df9be0622d56ec5e7f15,2
1035,bd1f8947f5541c2fb22f6328a58f4fc6,ff9ea417d5345bb5e4e6ec152ae2358f,1
1036,dc9261160f28c7e28ffe11e9724aa2b3,0a7ae25da315e35e903233b4bb2252da,-18
1037,dc9261160f28c7e28ffe11e9724aa2b3,0b9f9787580f7ca0dbba7a0eb39b1c4d,17
1038,dc9261160f28c7e28ffe11e9724aa2b3,1010437803b67e17a67a8966294555a7,-4
1039,dc9261160f28c7e28ffe11e9724aa2b3,3d9bcb1390d5efea6bbce4aac0952178,0
1040,dc9261160f28c7e28ffe11e9724aa2b3,472dc36ed0d28b2fd318d15bbd292320,-5
1041,dc9261160f28c7e28ffe11e9724aa2b3,515b44596849db9f6f2b360c576398fc,9
1042,dc9261160f28c7e28ffe11e9724aa2b3,59d0622b78201a399694cd27d235f863,0
1043,dc9261160f28c7e28ffe11e9724aa2b3,6c15237c89ddcd2fd17c120149e033e9,-4
1044,dc9261160f28c7e28ffe11e9724aa2b3,7367a4fcf2f4af747576b5dcb9ffdd77,8
1045,dc9261160f28c7e28ffe11e9724aa2b3,852c9de6c917694981f071bc5eb58326,19
1046,dc9261160f28c7e28ffe11e9724aa2b3,86221f74b2afc0d40da3005ce1479d4b,-10
1047,dc9261160f28c7e28ffe11e9724aa2b3,907b36dd80d1411453e94bc61e2ca9a3,-15
1048,dc9261160f28c7e28ffe11e9724aa2b3,a30c2c75d6a204ed450a2c423c11d362,6
1049,dc9261160f28c7e28ffe11e9724aa2b3,b177b26c374aefaddfc0895c08bf1ea7,-20
1050,dc9261160f28c7e28ffe11e9724aa2b3,b288a5a2a8615f37ae77f3ce71f061e8,7
1051,dc9261160f28c7e28ffe11e9724aa2b3,cc2c9a0eec200fae9bebb80d56d93b8c,-6
1052,dc9261160f28c7e28ffe11e9724aa2b3,db86ba65d6046f9384355934073a2b9d,3
1053,dc9261160f28c7e28ffe11e9724aa2b3,e43aba9ca924c29b2a41feb7d3c8bc5b,5
1054,dc9261160f28c7e28ffe11e9724aa2b3,f5250354772b45edb362cd3d5286b6e0,14
1055,dc9261160f28c7e28ffe11e9724aa2b3,fa5ca757de7c6c5ec97900bcabbc146e,-6
1056,d0c6985ffc5f03ba09393699467a580a,008c7fb331f92d216799d21a9104231a,7
1057,d0c6985ffc5f03ba09393699467a580a,068cc724c0bdf4a9fc56d2eb2d88fb0f,-16
1058,d0c6985ffc5f03ba09393699467a580a,07695ef9feebc6ba02831f0f3c22662a,7
1059,d0c6985ffc5f03ba09393699467a580a,0a4bdcb73ac21ffeb164386d44212f45,8
1060,d0c6985ffc5f03ba09393699467a580a,0a7bab1764e8696f355e018c6fd0e8b7,-6
1061,d0c6985ffc5f03ba09393699467a580a,0d4f00ab57bedad897a0aecf8dfa692f,6
1062,d0c6985ffc5f03ba09393699467a580a,25f9b9aedb2a8c72079ebd39a3ff4c8c,17
1063,d0c6985ffc5f03ba09393699467a580a,30ffeac1e06740482da5c4f0dd3454ad,12
1064,d0c6985ffc5f03ba09393699467a580a,377f464a91323a8e2c5486ce2cb4c153,-10
1065,d0c6985ffc5f03ba09393699467a580a,479986fc12b02040302f3d2b2a903e53,-15
1066,d0c6985ffc5f03ba09393699467a580a,54585b803d43739f9a55ac96da873fbf,-4
1067,d0c6985ffc5f03ba09393699467a580a,7d2101502c53723c2aaf2a8e5f150d97,-15
1068,d0c6985ffc5f03ba09393699467a580a,825e2645d764579a9917c71844043eba,-10
1069,d0c6985ffc5f03ba09393699467a580a,a41e691698563706342ff5eca9e22bf1,3
1070,d0c6985ffc5f03ba09393699467a580a,c17f6e6b83ccc768962046f1af1372a5,9
1071,d0c6985ffc5f03ba09393699467a580a,c6e0c30c8c02b0706682ec89eb6fc565,6
1072,d0c6985ffc5f03ba09393699467a580a,cbd8848dea8700073ef1dbb218821339,-4
1073,d0c6985ffc5f03ba09393699467a580a,ea16528886a6058e0d8133e78bec598e,-4
1074,d0c6985ffc5f03ba09393699467a580a,f974c6b5a65a034a866cd58014d6fbe3,9
